{
  "CategoryName": "Intune - MDM Autopilot ESP",
  "KnownEventRules": [
    {
      "CategoryName": "Intune - MDM Autopilot ESP",
      "LogType": ".evtx",
      "Channel": "Microsoft-Windows-DeviceManagement-Enterprise-Diagnostics-Provider/Autopilot",
      "Id": 1311,
      "ProviderName": "Microsoft-Windows-DeviceManagement-Enterprise-Diagnostics-Provider",
      "IncludeEventXMLDataInMessage": false,
      "IncludeEventXMLDataInToolTip": false,
      "ToolTipText": "",
      "Color": "",
      "DeveloperNotes": "Enrollment Status Tracking: Status of resource is unknown. Resource Area: (%1) Resource Name: (%2) Resource Type: (%3).\u0000",
      "Author": "Petri.Paavola@yodamiitti.fi / Microsoft MVP - Windows and Intune",
      "LinkToBlogArticle": ""
    },
    {
      "CategoryName": "Intune - MDM Autopilot ESP",
      "LogType": ".evtx",
      "Channel": "Microsoft-Windows-DeviceManagement-Enterprise-Diagnostics-Provider/Autopilot",
      "Id": 1310,
      "ProviderName": "Microsoft-Windows-DeviceManagement-Enterprise-Diagnostics-Provider",
      "IncludeEventXMLDataInMessage": false,
      "IncludeEventXMLDataInToolTip": false,
      "ToolTipText": "",
      "Color": "",
      "DeveloperNotes": "Enrollment Status Tracking: Installation of resource completed successfully. Resource Area: (%1) Resource Name: (%2) Resource Type: (%3).\u0000",
      "Author": "Petri.Paavola@yodamiitti.fi / Microsoft MVP - Windows and Intune",
      "LinkToBlogArticle": ""
    },
    {
      "CategoryName": "Intune - MDM Autopilot ESP",
      "LogType": ".evtx",
      "Channel": "Microsoft-Windows-DeviceManagement-Enterprise-Diagnostics-Provider/Autopilot",
      "Id": 1309,
      "ProviderName": "Microsoft-Windows-DeviceManagement-Enterprise-Diagnostics-Provider",
      "IncludeEventXMLDataInMessage": false,
      "IncludeEventXMLDataInToolTip": false,
      "ToolTipText": "",
      "Color": "Red",
      "DeveloperNotes": "Enrollment Status Tracking: Installation of resource encountered an error and could not complete. Resource Area: (%1) Resource Name: (%2) Resource Type: (%3).\u0000",
      "Author": "Petri.Paavola@yodamiitti.fi / Microsoft MVP - Windows and Intune",
      "LinkToBlogArticle": ""
    },
    {
      "CategoryName": "Intune - MDM Autopilot ESP",
      "LogType": ".evtx",
      "Channel": "Microsoft-Windows-DeviceManagement-Enterprise-Diagnostics-Provider/Autopilot",
      "Id": 1300,
      "ProviderName": "Microsoft-Windows-DeviceManagement-Enterprise-Diagnostics-Provider",
      "IncludeEventXMLDataInMessage": false,
      "IncludeEventXMLDataInToolTip": false,
      "ToolTipText": "",
      "Color": "",
      "DeveloperNotes": "Enrollment Status Tracking: Starting status tracking for resource. Resource Area: (%1) Resource Name: (%2) Resource Type: (%3).\u0000",
      "Author": "Petri.Paavola@yodamiitti.fi / Microsoft MVP - Windows and Intune",
      "LinkToBlogArticle": ""
    },
    {
      "CategoryName": "Intune - MDM Autopilot ESP",
      "LogType": ".evtx",
      "Channel": "Microsoft-Windows-DeviceManagement-Enterprise-Diagnostics-Provider/Autopilot",
      "Id": 1304,
      "ProviderName": "Microsoft-Windows-DeviceManagement-Enterprise-Diagnostics-Provider",
      "IncludeEventXMLDataInMessage": false,
      "IncludeEventXMLDataInToolTip": false,
      "ToolTipText": "",
      "Color": "Red",
      "DeveloperNotes": "Enrollment Status Tracking: Download of resource encountered an error and could not complete. Resource Area: (%1) Resource Name: (%2) Resource Type: (%3).\u0000",
      "Author": "Petri.Paavola@yodamiitti.fi / Microsoft MVP - Windows and Intune",
      "LinkToBlogArticle": ""
    },
    {
      "CategoryName": "Intune - MDM Autopilot ESP",
      "LogType": ".evtx",
      "Channel": "Microsoft-Windows-DeviceManagement-Enterprise-Diagnostics-Provider/Autopilot",
      "Id": 1302,
      "ProviderName": "Microsoft-Windows-DeviceManagement-Enterprise-Diagnostics-Provider",
      "IncludeEventXMLDataInMessage": false,
      "IncludeEventXMLDataInToolTip": false,
      "ToolTipText": "",
      "Color": "",
      "DeveloperNotes": "Enrollment Status Tracking: Downloading resource. Resource Area: (%1) Resource Name: (%2) Resource Type: (%3).\u0000",
      "Author": "Petri.Paavola@yodamiitti.fi / Microsoft MVP - Windows and Intune",
      "LinkToBlogArticle": ""
    },
    {
      "CategoryName": "Intune - MDM Autopilot ESP",
      "LogType": ".evtx",
      "Channel": "Microsoft-Windows-DeviceManagement-Enterprise-Diagnostics-Provider/Autopilot",
      "Id": 1303,
      "ProviderName": "Microsoft-Windows-DeviceManagement-Enterprise-Diagnostics-Provider",
      "IncludeEventXMLDataInMessage": false,
      "IncludeEventXMLDataInToolTip": false,
      "ToolTipText": "",
      "Color": "",
      "DeveloperNotes": "Enrollment Status Tracking: Pending download retry for resource. Resource Area: (%1) Resource Name: (%2) Resource Type: (%3).\u0000",
      "Author": "Petri.Paavola@yodamiitti.fi / Microsoft MVP - Windows and Intune",
      "LinkToBlogArticle": ""
    },
    {
      "CategoryName": "Intune - MDM Autopilot ESP",
      "LogType": ".evtx",
      "Channel": "Microsoft-Windows-DeviceManagement-Enterprise-Diagnostics-Provider/Autopilot",
      "Id": 1305,
      "ProviderName": "Microsoft-Windows-DeviceManagement-Enterprise-Diagnostics-Provider",
      "IncludeEventXMLDataInMessage": false,
      "IncludeEventXMLDataInToolTip": false,
      "ToolTipText": "",
      "Color": "",
      "DeveloperNotes": "Enrollment Status Tracking: Download of resource completed successfully. Resource Area: (%1) Resource Name: (%2) Resource Type: (%3).\u0000",
      "Author": "Petri.Paavola@yodamiitti.fi / Microsoft MVP - Windows and Intune",
      "LinkToBlogArticle": ""
    },
    {
      "CategoryName": "Intune - MDM Autopilot ESP",
      "LogType": ".evtx",
      "Channel": "Microsoft-Windows-DeviceManagement-Enterprise-Diagnostics-Provider/Autopilot",
      "Id": 1307,
      "ProviderName": "Microsoft-Windows-DeviceManagement-Enterprise-Diagnostics-Provider",
      "IncludeEventXMLDataInMessage": false,
      "IncludeEventXMLDataInToolTip": false,
      "ToolTipText": "",
      "Color": "",
      "DeveloperNotes": "Enrollment Status Tracking: Installing resource. Resource Area: (%1) Resource Name: (%2) Resource Type: (%3).\u0000",
      "Author": "Petri.Paavola@yodamiitti.fi / Microsoft MVP - Windows and Intune",
      "LinkToBlogArticle": ""
    },
    {
      "CategoryName": "Intune - MDM Autopilot ESP",
      "LogType": ".evtx",
      "Channel": "Microsoft-Windows-DeviceManagement-Enterprise-Diagnostics-Provider/Autopilot",
      "Id": 1308,
      "ProviderName": "Microsoft-Windows-DeviceManagement-Enterprise-Diagnostics-Provider",
      "IncludeEventXMLDataInMessage": false,
      "IncludeEventXMLDataInToolTip": false,
      "ToolTipText": "",
      "Color": "",
      "DeveloperNotes": "Enrollment Status Tracking: Pending installation retry for resource. Resource Area: (%1) Resource Name: (%2) Resource Type: (%3).\u0000",
      "Author": "Petri.Paavola@yodamiitti.fi / Microsoft MVP - Windows and Intune",
      "LinkToBlogArticle": ""
    }
  ]
}
