{
	"CategoryName": "Windows Activation KMS",
	"KnownEventRules": [
		{
			"CategoryName": "Windows Activation KMS",
			"LogType": ".evtx",
			"Channel": "Application",
			"Id": 12288,
			"ProviderName": "Security-SPP",
			"IncludeEventXMLDataInMessage": false,
			"IncludeEventXMLDataInToolTip": false,
			"ToolTipText": "",
			"Color": "",
			"DeveloperNotes": "The client has sent an activation request to the key management service machine",
			"Author": "Petri.Paavola@yodamiitti.fi / Microsoft MVP - Windows and Intune",
			"LinkToBlogArticle": 'https://learn.microsoft.com/en-us/windows-server/get-started/activation-troubleshoot-kms-general'
		},
		{
			"CategoryName": "Windows Activation KMS",
			"LogType": ".evtx",
			"Channel": "Application",
			"Id": 12289,
			"ProviderName": "Security-SPP",
			"IncludeEventXMLDataInMessage": false,
			"IncludeEventXMLDataInToolTip": false,
			"ToolTipText": "",
			"Color": "Yellow",
			"DeveloperNotes": "The client has processed an activation response from the key management service machine",
			"Author": "Petri.Paavola@yodamiitti.fi / Microsoft MVP - Windows and Intune",
			"LinkToBlogArticle": 'https://learn.microsoft.com/en-us/windows-server/get-started/activation-troubleshoot-kms-general'
		}
	]
}