[
	{
		"CategoryName": "Scheduled Tasks",
		"KnownEventRules": [
			{
				"CategoryName": "Scheduled Tasks",
				"LogType": "ScheduledTasks",
				"Channel": "Scheduled Tasks",
				"Id": 0,
				"ProviderName": "Scheduled Tasks",
				"IncludeEventXMLDataInMessage": false,
				"IncludeEventXMLDataInToolTip": false,
				"ToolTipText": "",
				"Color": "",
				"DeveloperNotes": "DO NOT REMOVE ME! Internal CategoryName so you can Include or Exclude Scheduled Tasks from report",
				"Author": "Petri.Paavola@yodamiitti.fi / Microsoft MVP - Windows and Intune",
				"LinkToBlogArticle": null
			}
		]
	},
	{
		"CategoryName": "Scheduled Tasks Future",
		"KnownEventRules": [
			{
				"CategoryName": "Scheduled Tasks Future",
				"LogType": "ScheduledTasks",
				"Channel": "Scheduled Tasks Future",
				"Id": 0,
				"ProviderName": "Scheduled Tasks Future",
				"IncludeEventXMLDataInMessage": false,
				"IncludeEventXMLDataInToolTip": false,
				"ToolTipText": "",
				"Color": "",
				"DeveloperNotes": "DO NOT REMOVE ME! Internal CategoryName so you can Include or Exclude Scheduled Tasks Future from report",
				"Author": "Petri.Paavola@yodamiitti.fi / Microsoft MVP - Windows and Intune",
				"LinkToBlogArticle": null
			}
		]
	},
	{
		"CategoryName": "Intune MDM",
		"KnownEventRules": [
			{
				"CategoryName": "Intune MDM",
				"LogType": ".evtx",
				"Channel": "Microsoft-Windows-DeviceManagement-Enterprise-Diagnostics-Provider/Admin",
				"Id": 404,
				"ProviderName": "Microsoft-Windows-DeviceManagement-Enterprise-Diagnostics-Provider",
				"IncludeEventXMLDataInMessage": false,
				"IncludeEventXMLDataInToolTip": false,
				"ToolTipText": "Error with Intune MDM policies!",
				"Color": "Red",
				"DeveloperNotes": "Error: MDM ConfigurationManager: Command failure status. ",
				"Author": "Petri.Paavola@yodamiitti.fi / Microsoft MVP - Windows and Intune",
				"LinkToBlogArticle": null
			}
		]
	},
	{
		"CategoryName": "Application installation - MSI",
		"KnownEventRules": [
			{
				"CategoryName": "Application installation - MSI",
				"LogType": ".evtx",
				"Channel": "Application",
				"Id": 1033,
				"ProviderName": "MsiInstaller",
				"IncludeEventXMLDataInMessage": false,
				"IncludeEventXMLDataInToolTip": false,
				"ToolTipText": "Windows Installer installed the product. Check if it succeeded or failed!",
				"Color": "Yellow",
				"DeveloperNotes": "Windows Installer installed the product. Product Name: Mozilla Firefox 130.0 x64 en-US. Product Version: 130.0.0.0. Product Language: 0. Manufacturer: Mozilla. Installation success or error status: 0. OR Installation success or error status: 1603",
				"Author": "Petri.Paavola@yodamiitti.fi / Microsoft MVP - Windows and Intune",
				"LinkToBlogArticle": null
			},
			{
				"CategoryName": "Application installation - MSI",
				"LogType": ".evtx",
				"Channel": "Application",
				"Id": 1034,
				"ProviderName": "MsiInstaller",
				"IncludeEventXMLDataInMessage": false,
				"IncludeEventXMLDataInToolTip": false,
				"ToolTipText": "Windows Installer removed the product.",
				"Color": "Green",
				"DeveloperNotes": "Windows Installer removed the product. Product Name: Microsoft Teams Meeting Add-in for Microsoft Office. Product Version: 1.24.19202. Product Language: 1033. Manufacturer: Microsoft. Removal success or error status: 0."
			},
			{
				"CategoryName": "Application installation - MSI",
				"LogType": ".evtx",
				"Channel": "Application",
				"Id": 1040,
				"ProviderName": "MsiInstaller",
				"IncludeEventXMLDataInMessage": false,
				"IncludeEventXMLDataInToolTip": false,
				"ToolTipText": "Beginning a Windows Installer transaction",
				"DeveloperNotes": "Beginning a Windows Installer transaction: C:\\Users\\username\\AppData\\Local\\Temp\\MicrosoftEdgeDownloads\\5a6b708b-8605-4f36-a705-e192ca521b7c\\Firefox Setup 130.0.msi. Client Process Id: 118392."
			},
			{
				"CategoryName": "Application installation - MSI",
				"LogType": ".evtx",
				"Channel": "Application",
				"Id": 11708,
				"ProviderName": "MsiInstaller",
				"IncludeEventXMLDataInMessage": false,
				"IncludeEventXMLDataInToolTip": false,
				"ToolTipText": "MSI Installation failed!",
				"Color": "Red",
				"DeveloperNotes": "Product: Microsoft EPM Agent -- Installation failed."
			}
		]
	},
	{
		"CategoryName": "Updates - Download",
		"KnownEventRules": [
			{
				"CategoryName": "Updates - Download",
				"LogType": ".evtx",
				"Channel": "System-REMOVED-THIS CAUSES TOO MUCH INFORMATION WITHOUT UPDATE NAME",
				"Id": 44,
				"ProviderName": "Microsoft-Windows-WindowsUpdateClient",
				"IncludeEventXMLDataInMessage": false,
				"IncludeEventXMLDataInToolTip": false,
				"ToolTipText": "Windows Update started downloading an update.",
				"Color": "Yellow",
				"DeveloperNotes": "Windows Update started downloading an update."
			},
			{
				"CategoryName": "Updates - Download",
				"LogType": ".evtx",
				"Channel": "System",
				"Id": 41,
				"ProviderName": "Microsoft-Windows-WindowsUpdateClient",
				"IncludeEventXMLDataInMessage": true,
				"IncludeEventXMLDataInToolTip": true,
				"ToolTipText": "An update was downloaded",
				"Color": "Yellow",
				"DeveloperNotes": "An update was downloaded. Need to include update name from xml"
			}
		]
	},
	{
		"CategoryName": "Updates - Install",
		"KnownEventRules": [
			{
				"CategoryName": "Updates - Install",
				"LogType": ".evtx",
				"Channel": "System",
				"Id": 43,
				"ProviderName": "Microsoft-Windows-WindowsUpdateClient",
				"IncludeEventXMLDataInMessage": true,
				"IncludeEventXMLDataInToolTip": false,
				"ToolTipText": "Installation Started",
				"Color": "Yellow",
				"DeveloperNotes": "Installation Started: Windows has started installing the following update: Security Intelligence Update for Microsoft Defender Antivirus - KB2267602 (Version 1.417.507.0) - Current Channel (Broad)"
			},
			{
				"CategoryName": "Updates - Install",
				"LogType": ".evtx",
				"Channel": "System",
				"Id": 19,
				"ProviderName": "Microsoft-Windows-WindowsUpdateClient",
				"IncludeEventXMLDataInMessage": true,
				"IncludeEventXMLDataInToolTip": false,
				"ToolTipText": "Installation Successful",
				"Color": "Green",
				"DeveloperNotes": "Installation Successful: Windows successfully installed the following update: Security Intelligence Update for Microsoft Defender Antivirus - KB2267602 (Version 1.417.507.0) - Current Channel (Broad)"
			},
			{
				"CategoryName": "Updates - Install",
				"LogType": ".evtx",
				"Channel": "System",
				"Id": 20,
				"ProviderName": "Microsoft-Windows-WindowsUpdateClient",
				"IncludeEventXMLDataInMessage": false,
				"IncludeEventXMLDataInToolTip": false,
				"ToolTipText": "Installation Failure",
				"Color": "Red",
				"DeveloperNotes": "Installation Failure: Windows failed to install the following update with error %1: %2.",
				"Author": "Petri.Paavola@yodamiitti.fi / Microsoft MVP - Windows and Intune",
				"LinkToBlogArticle": null
			},
			{
				"CategoryName": "Updates - Install",
				"LogType": ".evtx",
				"Channel": "Setup",
				"Id": 2,
				"ProviderName": "Microsoft-Windows-Servicing",
				"IncludeEventXMLDataInMessage": false,
				"IncludeEventXMLDataInToolTip": false,
				"ToolTipText": "",
				"Color": "",
				"DeveloperNotes": "Package KB5042099 was successfully changed to the Installed state."
			}
		]
	},
	{
		"CategoryName": "Power management - (Modern) Sleep",
		"KnownEventRules": [
			{
				"CategoryName": "Power management - (Modern) Sleep",
				"LogType": ".evtx",
				"Channel": "System",
				"Id": 1,
				"ProviderName": "Microsoft-Windows-Power-Troubleshooter",
				"IncludeEventXMLDataInMessage": false,
				"IncludeEventXMLDataInToolTip": false,
				"ToolTipText": "The system has returned from a low power state.",
				"DeveloperNotes": "The system has returned from a low power state.\\n\\nSleep Time: 2024-09-07T13:17:14.529644800Z\\nWake Time: 2024-09-07T13:22:49.615516200Z\\n\\nWake Source: Device -Surface Button"
			},
			{
				"CategoryName": "Power management - (Modern) Sleep",
				"LogType": ".evtx",
				"Channel": "System",
				"Id": 42,
				"ProviderName": "Microsoft-Windows-Kernel-Power",
				"IncludeEventXMLDataInMessage": false,
				"IncludeEventXMLDataInToolTip": true,
				"ToolTipText": "The system is entering sleep.",
				"DeveloperNotes": "The system is entering sleep.\\n\\nSleep Reason: Application API"
			},
			{
				"CategoryName": "Power management - (Modern) Sleep",
				"LogType": ".evtx",
				"Channel": "System",
				"Id": 107,
				"ProviderName": "Microsoft-Windows-Kernel-Power",
				"IncludeEventXMLDataInMessage": false,
				"IncludeEventXMLDataInToolTip": true,
				"ToolTipText": "The system has resumed from sleep.",
				"DeveloperNotes": "The system has resumed from sleep."
			},
			{
				"CategoryName": "Power management - (Modern) Sleep",
				"LogType": ".evtx",
				"Channel": "System",
				"Id": 506,
				"ProviderName": "Microsoft-Windows-Kernel-Power",
				"IncludeEventXMLDataInMessage": false,
				"IncludeEventXMLDataInToolTip": true,
				"ToolTipText": "The system is entering Modern Standby",
				"DeveloperNotes": "The system is entering Modern Standby\\n\\nReason: Sleep, Hibernate, or Shutdown."
			},
			{
				"CategoryName": "Power management - (Modern) Sleep",
				"LogType": ".evtx",
				"Channel": "System",
				"Id": 507,
				"ProviderName": "Microsoft-Windows-Kernel-Power",
				"IncludeEventXMLDataInMessage": false,
				"IncludeEventXMLDataInToolTip": true,
				"ToolTipText": "The system is exiting Modern Standby",
				"DeveloperNotes": "The system is exiting Modern Standby\\n\\nReason: Resume from Hibernate."
			},
			{
				"CategoryName": "Power management - (Modern) Sleep",
				"LogType": ".evtx",
				"Channel": "Microsoft-Windows-Wcmsvc/Operational",
				"Id": 1005,
				"ProviderName": "Microsoft-Windows-Wcmsvc",
				"IncludeEventXMLDataInMessage": false,
				"IncludeEventXMLDataInToolTip": false,
				"ToolTipText": "A Power change was processed. ",
				"DeveloperNotes": "Several different reasons:\\n\\nReason: Operation is resuming automatically from a low-power state\\n\\nReason: A resume was triggered by user input"
			},
			{
				"CategoryName": "Power management - (Modern) Sleep",
				"LogType": ".log",
				"LogFileName": "pwrmgmt.log",
				"Message": "The next wake up time is",
				"ToolTipText": "",
				"Color": "Yellow",
				"DeveloperNotes": "",
				"Author": "",
				"LinkToBlogArticle": null
			},
			{
				"CategoryName": "Power management - (Modern) Sleep",
				"LogType": ".log",
				"LogFileName": "pwrmgmt.log",
				"Message": "This device is Modern Standby Capable",
				"ToolTipText": "",
				"Color": "Green",
				"DeveloperNotes": "",
				"Author": "",
				"LinkToBlogArticle": null
			}
		]
	},
	{
		"CategoryName": "Power management - Reboot",
		"KnownEventRules": [
			{
				"CategoryName": "Power management - Reboot",
				"LogType": ".evtx",
				"Channel": "System",
				"Id": 577,
				"ProviderName": "Microsoft-Windows-Kernel-Power",
				"IncludeEventXMLDataInMessage": false,
				"IncludeEventXMLDataInToolTip": true,
				"ToolTipText": "Prepared reboot from sleep (Idle)",
				"DeveloperNotes": "The system has prepared for a system initiated reboot from Sleeping (Idle)."
			},
			{
				"CategoryName": "Power management - Reboot",
				"LogType": ".evtx",
				"Channel": "System",
				"Id": 578,
				"ProviderName": "Microsoft-Windows-Kernel-Power",
				"IncludeEventXMLDataInMessage": false,
				"IncludeEventXMLDataInToolTip": true,
				"ToolTipText": "Detected reboot from sleep (Idle)",
				"DeveloperNotes": "The system has detected a system initiated reboot from Sleeping (Idle)."
			},
			{
				"CategoryName": "Power management - Start&Shutdown",
				"LogType": ".evtx",
				"Channel": "System_RULE_DISABLED_FOR_NOW_FOR_BETTER_READABILITY",
				"Id": 109,
				"ProviderName": "Microsoft-Windows-Kernel-Power",
				"IncludeEventXMLDataInMessage": false,
				"IncludeEventXMLDataInToolTip": false,
				"ToolTipText": "Shutdown reason",
				"DeveloperNotes": "The kernel power manager has initiated a shutdown transition.\\nAction: Power Action Reboot \\nEvent Code: 0x0 \\nReason: Kernel API"
			}
		]
	},
	{
		"CategoryName": "Power management - Start&Shutdown",
		"KnownEventRules": [
			{
				"CategoryName": "Power management - Start&Shutdown",
				"LogType": ".evtx",
				"Channel": "System",
				"Id": 13,
				"ProviderName": "Microsoft-Windows-Kernel-General",
				"IncludeEventXMLDataInMessage": false,
				"IncludeEventXMLDataInToolTip": false,
				"ToolTipText": "Shutting down",
				"Color": "Yellow",
				"DeveloperNotes": "The operating system is shutting down at system time 2024-08-15T21:52:47.694460500Z."
			},
			{
				"CategoryName": "Power management - Start&Shutdown",
				"LogType": ".evtx",
				"Channel": "System",
				"Id": 12,
				"ProviderName": "Microsoft-Windows-Kernel-General",
				"IncludeEventXMLDataInMessage": false,
				"IncludeEventXMLDataInToolTip": false,
				"ToolTipText": "Operating System started",
				"Color": "Yellow",
				"DeveloperNotes": "The operating system started at system time 2024-08-15T21:53:08.500000000Z."
			}
		]
	},
	{
		"CategoryName": "Power management - Display",
		"KnownEventRules": [
			{
				"CategoryName": "Power management - Display",
				"LogType": ".evtx",
				"Channel": "Microsoft-Windows-PushNotification-Platform/Operational",
				"Id": 1025,
				"ProviderName": "Microsoft-Windows-PushNotifications-Platform",
				"IncludeEventXMLDataInMessage": false,
				"IncludeEventXMLDataInToolTip": false,
				"ToolTipText": "Monitor sleep\\ntrue = Monitor On\\nfalse = Monitor off",
				"DeveloperNotes": "A Power event was fired: MonitorSettingChange [PowerEventType] false [Enabled].\\nA Power event was fired: MonitorSettingChange [PowerEventType] true [Enabled]."
			}
		]
	},	
	{
		"CategoryName": "Power management - General",
		"KnownEventRules": [
			{
				"CategoryName": "Power management - General",
				"LogType": ".log",
				"LogFileName": "pwrmgmt.log",
				"Message": "Applying Power Plan",
				"ToolTipText": "",
				"Color": "Yellow",
				"DeveloperNotes": "",
				"Author": "",
				"LinkToBlogArticle": null
			}
		]
	},
	{
		"CategoryName": "LogonLogoff",
		"KnownEventRules": [
			{
				"CategoryName": "LogonLogoff",
				"LogType": ".evtx",
				"Channel": "Security",
				"Id": 4647,
				"ProviderName": "Microsoft-Windows-User Profiles Service",
				"IncludeEventXMLDataInMessage": false,
				"IncludeEventXMLDataInToolTip": false,
				"ToolTipText": "User logged off",
				"Color": "White",
				"DeveloperNotes": "User initiated logoff:"
			},
			{
				"CategoryName": "LogonLogoff",
				"LogType": ".evtx",
				"Channel": "Microsoft-Windows-User Profile Service/Operational",
				"Id": 67,
				"ProviderName": "Microsoft-Windows-User Profiles Service",
				"IncludeEventXMLDataInMessage": false,
				"IncludeEventXMLDataInToolTip": false,
				"ToolTipText": "Logon type: Regular...",
				"Color": "White",
				"DeveloperNotes": "Logon event"
			},
			{
				"CategoryName": "LogonLogoff",
				"LogType": ".evtx",
				"Channel": "Microsoft-Windows-User Profile Service/Operational",
				"Id": 4,
				"ProviderName": "Microsoft-Windows-User Profiles Service",
				"IncludeEventXMLDataInMessage": false,
				"IncludeEventXMLDataInToolTip": false,
				"ToolTipText": "Finished processing user logoff notification on session.",
				"DeveloperNotes": "Finished processing user logoff notification on session 1."
			},
			{
				"CategoryName": "LogonLogoff",
				"LogType": ".log",
				"LogFileName": "execmgr.log",
				"Message": "A user has logged on.",
				"ToolTipText": "",
				"Color": "Yellow",
				"DeveloperNotes": "",
				"Author": "Petri.Paavola@yodamiitti.fi / Microsoft MVP - Windows and Intune",
				"LinkToBlogArticle": null
			},
			{
				"CategoryName": "LogonLogoff",
				"LogType": ".log",
				"LogFileName": "execmgr.log",
				"Message": "The logged on user is - THIS RULE IS DISABLED BECAUSE CAN WE SHOW USERNAME ?",
				"ToolTipText": "",
				"Color": "Yellow",
				"DeveloperNotes": "The logged on user is DOMAIN\\username",
				"Author": "Petri.Paavola@yodamiitti.fi / Microsoft MVP - Windows and Intune",
				"LinkToBlogArticle": null
			}
		]
	},
	{
		"CategoryName": "Bitlocker",
		"KnownEventRules": [
			{
				"CategoryName": "Bitlocker",
				"LogType": ".evtx",
				"Channel": "Microsoft-Windows-BitLocker/BitLocker Management",
				"Id": 853,
				"ProviderName": "Microsoft-Windows-BitLocker-API",
				"IncludeEventXMLDataInMessage": false,
				"IncludeEventXMLDataInToolTip": false,
				"ToolTipText": "Failed to enable Silent Encryption. TPM is not available.\\n\\nWith Virtual Machines this is either forgotten TPM enablement or maybe more common mounted .ISO image in VM DVD drive",
				"Color": "Red",
				"DeveloperNotes": "Failed to enable Silent Encryption. TPM is not available. With Virtual Machines this is either forgotten TPM enablement or maybe more common mounted .ISO image in VM DVD drive",
				"Author": "Petri.Paavola@yodamiitti.fi / Microsoft MVP - Windows and Intune",
				"LinkToBlogArticle": null
			},
			{
				"CategoryName": "Bitlocker",
				"LogType": ".evtx",
				"Channel": "Microsoft-Windows-BitLocker/BitLocker Management",
				"Id": 845,
				"ProviderName": "Microsoft-Windows-BitLocker-API",
				"IncludeEventXMLDataInMessage": false,
				"IncludeEventXMLDataInToolTip": false,
				"ToolTipText": "",
				"Color": "Green",
				"DeveloperNotes": "BitLocker Drive Encryption recovery information for volume %1 was backed up successfully to your Azure AD. Protector GUID: %2. TraceId: %3",
				"Author": "Petri.Paavola@yodamiitti.fi / Microsoft MVP - Windows and Intune",
				"LinkToBlogArticle": null
			},
			{
				"CategoryName": "Bitlocker",
				"LogType": ".evtx",
				"Channel": "Microsoft-Windows-BitLocker/BitLocker Management",
				"Id": 846,
				"ProviderName": "Microsoft-Windows-BitLocker-API",
				"IncludeEventXMLDataInMessage": false,
				"IncludeEventXMLDataInToolTip": false,
				"ToolTipText": "",
				"Color": "Red",
				"DeveloperNotes": "Failed to backup BitLocker Drive Encryption recovery information for volume %1 to your Azure AD. TraceId: %2 Error: %3",
				"Author": "Petri.Paavola@yodamiitti.fi / Microsoft MVP - Windows and Intune",
				"LinkToBlogArticle": null
			}
		]
	},
	{
		"CategoryName": "Applocker - EXE and DLL",
		"KnownEventRules": [
			{
				"CategoryName": "Applocker - EXE and DLL",
				"LogType": ".evtx",
				"Channel": "Microsoft-Windows-AppLocker/EXE and DLL",
				"Id": 8000,
				"ProviderName": "Microsoft-Windows-AppLocker",
				"IncludeEventXMLDataInMessage": false,
				"IncludeEventXMLDataInToolTip": false,
				"ToolTipText": "",
				"Color": "",
				"DeveloperNotes": "AppID policy conversion failed",
				"Author": "Petri.Paavola@yodamiitti.fi / Microsoft MVP - Windows and Intune",
				"LinkToBlogArticle": null
			},
			{
				"CategoryName": "Applocker - EXE and DLL",
				"LogType": ".evtx",
				"Channel": "Microsoft-Windows-AppLocker/EXE and DLL",
				"Id": 8001,
				"ProviderName": "Microsoft-Windows-AppLocker",
				"IncludeEventXMLDataInMessage": false,
				"IncludeEventXMLDataInToolTip": false,
				"ToolTipText": "",
				"Color": "",
				"DeveloperNotes": "The AppLocker policy was applied successfully to this computer.",
				"Author": "Petri.Paavola@yodamiitti.fi / Microsoft MVP - Windows and Intune",
				"LinkToBlogArticle": null
			},
			{
				"CategoryName": "Applocker - EXE and DLL",
				"LogType": ".evtx",
				"Channel": "Microsoft-Windows-AppLocker/EXE and DLL",
				"Id": 8002,
				"ProviderName": "Microsoft-Windows-AppLocker",
				"IncludeEventXMLDataInMessage": false,
				"IncludeEventXMLDataInToolTip": false,
				"ToolTipText": "",
				"Color": "",
				"DeveloperNotes": "%11 was allowed to run.",
				"Author": "Petri.Paavola@yodamiitti.fi / Microsoft MVP - Windows and Intune",
				"LinkToBlogArticle": null
			},
			{
				"CategoryName": "Applocker - EXE and DLL",
				"LogType": ".evtx",
				"Channel": "Microsoft-Windows-AppLocker/EXE and DLL",
				"Id": 8003,
				"ProviderName": "Microsoft-Windows-AppLocker",
				"IncludeEventXMLDataInMessage": false,
				"IncludeEventXMLDataInToolTip": false,
				"ToolTipText": "",
				"Color": "Yellow",
				"DeveloperNotes": "%11 was allowed to run but would have been prevented from running if the AppLocker policy were enforced.",
				"Author": "Petri.Paavola@yodamiitti.fi / Microsoft MVP - Windows and Intune",
				"LinkToBlogArticle": null
			},
			{
				"CategoryName": "Applocker - EXE and DLL",
				"LogType": ".evtx",
				"Channel": "Microsoft-Windows-AppLocker/EXE and DLL",
				"Id": 8004,
				"ProviderName": "Microsoft-Windows-AppLocker",
				"IncludeEventXMLDataInMessage": false,
				"IncludeEventXMLDataInToolTip": false,
				"ToolTipText": "",
				"Color": "Red",
				"DeveloperNotes": "%11 was prevented from running.",
				"Author": "Petri.Paavola@yodamiitti.fi / Microsoft MVP - Windows and Intune",
				"LinkToBlogArticle": null
			},
			{
				"CategoryName": "Applocker - EXE and DLL",
				"LogType": ".evtx",
				"Channel": "Microsoft-Windows-AppLocker/EXE and DLL",
				"Id": 8008,
				"ProviderName": "Microsoft-Windows-AppLocker",
				"IncludeEventXMLDataInMessage": false,
				"IncludeEventXMLDataInToolTip": false,
				"ToolTipText": "",
				"Color": "Red",
				"DeveloperNotes": "%2: AppLocker component not available on this SKU.",
				"Author": "Petri.Paavola@yodamiitti.fi / Microsoft MVP - Windows and Intune",
				"LinkToBlogArticle": null
			},
			{
				"CategoryName": "Applocker - EXE and DLL",
				"LogType": ".evtx",
				"Channel": "Microsoft-Windows-AppLocker/EXE and DLL",
				"Id": 8030,
				"ProviderName": "Microsoft-Windows-AppLocker",
				"IncludeEventXMLDataInMessage": false,
				"IncludeEventXMLDataInToolTip": false,
				"ToolTipText": "",
				"Color": "Green",
				"DeveloperNotes": "ManagedInstaller check SUCCEEDED during Appid verification of %2. Status: %5",
				"Author": "Petri.Paavola@yodamiitti.fi / Microsoft MVP - Windows and Intune",
				"LinkToBlogArticle": null
			},
			{
				"CategoryName": "Applocker - EXE and DLL",
				"LogType": ".evtx",
				"Channel": "Microsoft-Windows-AppLocker/EXE and DLL",
				"Id": 8032,
				"ProviderName": "Microsoft-Windows-AppLocker",
				"IncludeEventXMLDataInMessage": false,
				"IncludeEventXMLDataInToolTip": false,
				"ToolTipText": "",
				"Color": "Red",
				"DeveloperNotes": "ManagedInstaller check FAILED during Appid verification of %2. Status: %5",
				"Author": "Petri.Paavola@yodamiitti.fi / Microsoft MVP - Windows and Intune",
				"LinkToBlogArticle": null
			},
			{
				"CategoryName": "Applocker - EXE and DLL",
				"LogType": ".evtx",
				"Channel": "Microsoft-Windows-AppLocker/EXE and DLL",
				"Id": 8033,
				"ProviderName": "Microsoft-Windows-AppLocker",
				"IncludeEventXMLDataInMessage": false,
				"IncludeEventXMLDataInToolTip": false,
				"ToolTipText": "",
				"Color": "Yellow",
				"DeveloperNotes": "ManagedInstaller check FAILED during Appid verification of %2. nStatus: %5 Allowed to run due to Audit Applocker Policy",
				"Author": "Petri.Paavola@yodamiitti.fi / Microsoft MVP - Windows and Intune",
				"LinkToBlogArticle": null
			}
		]
	},
	{
		"CategoryName": "Applocker - MSI and Script",
		"KnownEventRules": [
			{
				"CategoryName": "Applocker - MSI and Script",
				"LogType": ".evtx",
				"Channel": "Microsoft-Windows-AppLocker/MSI and Script",
				"Id": 8005,
				"ProviderName": "Microsoft-Windows-AppLocker",
				"IncludeEventXMLDataInMessage": false,
				"IncludeEventXMLDataInToolTip": false,
				"ToolTipText": "",
				"Color": "",
				"DeveloperNotes": "%11 was allowed to run.",
				"Author": "Petri.Paavola@yodamiitti.fi / Microsoft MVP - Windows and Intune",
				"LinkToBlogArticle": null
			},
			{
				"CategoryName": "Applocker - MSI and Script",
				"LogType": ".evtx",
				"Channel": "Microsoft-Windows-AppLocker/MSI and Script",
				"Id": 8006,
				"ProviderName": "Microsoft-Windows-AppLocker",
				"IncludeEventXMLDataInMessage": false,
				"IncludeEventXMLDataInToolTip": false,
				"ToolTipText": "",
				"Color": "Yellow",
				"DeveloperNotes": "%11 was allowed to run but would have been prevented from running if the AppLocker policy were enforced.",
				"Author": "Petri.Paavola@yodamiitti.fi / Microsoft MVP - Windows and Intune",
				"LinkToBlogArticle": null
			},
			{
				"CategoryName": "Applocker - MSI and Script",
				"LogType": ".evtx",
				"Channel": "Microsoft-Windows-AppLocker/MSI and Script",
				"Id": 8007,
				"ProviderName": "Microsoft-Windows-AppLocker",
				"IncludeEventXMLDataInMessage": false,
				"IncludeEventXMLDataInToolTip": false,
				"ToolTipText": "",
				"Color": "Red",
				"DeveloperNotes": "%11 was prevented from running.",
				"Author": "Petri.Paavola@yodamiitti.fi / Microsoft MVP - Windows and Intune",
				"LinkToBlogArticle": null
			},
			{
				"CategoryName": "Applocker - MSI and Script",
				"LogType": ".evtx",
				"Channel": "Microsoft-Windows-AppLocker/MSI and Script",
				"Id": 8009,
				"ProviderName": "Microsoft-Windows-AppLocker",
				"IncludeEventXMLDataInMessage": false,
				"IncludeEventXMLDataInToolTip": false,
				"ToolTipText": "",
				"Color": "Red",
				"DeveloperNotes": "%2: AppLocker component not available on this SKU.",
				"Author": "Petri.Paavola@yodamiitti.fi / Microsoft MVP - Windows and Intune",
				"LinkToBlogArticle": null
			},
			{
				"CategoryName": "Applocker - MSI and Script",
				"LogType": ".evtx",
				"Channel": "Microsoft-Windows-AppLocker/MSI and Script",
				"Id": 8034,
				"ProviderName": "Microsoft-Windows-AppLocker",
				"IncludeEventXMLDataInMessage": false,
				"IncludeEventXMLDataInToolTip": false,
				"ToolTipText": "",
				"Color": "Red",
				"DeveloperNotes": "ManagedInstaller Script check FAILED during Appid verification of %2. Status: %3",
				"Author": "Petri.Paavola@yodamiitti.fi / Microsoft MVP - Windows and Intune",
				"LinkToBlogArticle": null
			},
			{
				"CategoryName": "Applocker - MSI and Script",
				"LogType": ".evtx",
				"Channel": "Microsoft-Windows-AppLocker/MSI and Script",
				"Id": 8035,
				"ProviderName": "Microsoft-Windows-AppLocker",
				"IncludeEventXMLDataInMessage": false,
				"IncludeEventXMLDataInToolTip": false,
				"ToolTipText": "",
				"Color": "",
				"DeveloperNotes": "ManagedInstaller Script check SUCCEEDED during Appid verification of %2. Status: %3",
				"Author": "Petri.Paavola@yodamiitti.fi / Microsoft MVP - Windows and Intune",
				"LinkToBlogArticle": null
			}
		]
	},
	{
		"CategoryName": "Applocker - Packaged app-Execution",
		"KnownEventRules": [
			{
				"CategoryName": "Applocker - Packaged app-Execution",
				"LogType": ".evtx",
				"Channel": "Microsoft-Windows-AppLocker/Packaged app-Execution",
				"Id": 8020,
				"ProviderName": "Microsoft-Windows-AppLocker",
				"IncludeEventXMLDataInMessage": false,
				"IncludeEventXMLDataInToolTip": false,
				"ToolTipText": "",
				"Color": "",
				"DeveloperNotes": "%11 was allowed to run.",
				"Author": "Petri.Paavola@yodamiitti.fi / Microsoft MVP - Windows and Intune",
				"LinkToBlogArticle": null
			},
			{
				"CategoryName": "Applocker - Packaged app-Execution",
				"LogType": ".evtx",
				"Channel": "Microsoft-Windows-AppLocker/Packaged app-Execution",
				"Id": 8021,
				"ProviderName": "Microsoft-Windows-AppLocker",
				"IncludeEventXMLDataInMessage": false,
				"IncludeEventXMLDataInToolTip": false,
				"ToolTipText": "",
				"Color": "Yellow",
				"DeveloperNotes": "%11 was allowed to run but would have been prevented from running if the AppLocker policy were enforced.",
				"Author": "Petri.Paavola@yodamiitti.fi / Microsoft MVP - Windows and Intune",
				"LinkToBlogArticle": null
			},			{
				"CategoryName": "Applocker - Packaged app-Execution",
				"LogType": ".evtx",
				"Channel": "Microsoft-Windows-AppLocker/Packaged app-Execution",
				"Id": 8022,
				"ProviderName": "Microsoft-Windows-AppLocker",
				"IncludeEventXMLDataInMessage": false,
				"IncludeEventXMLDataInToolTip": false,
				"ToolTipText": "",
				"Color": "Red",
				"DeveloperNotes": "%11 was prevented from running.",
				"Author": "Petri.Paavola@yodamiitti.fi / Microsoft MVP - Windows and Intune",
				"LinkToBlogArticle": null
			}
		]
	},
	{
		"CategoryName": "Applocker - Packaged app-Deployment",
		"KnownEventRules": [
			{
				"CategoryName": "Applocker - Packaged app-Deployment",
				"LogType": ".evtx",
				"Channel": "Microsoft-Windows-AppLocker/Packaged app-Deployment",
				"Id": 8023,
				"ProviderName": "Microsoft-Windows-AppLocker",
				"IncludeEventXMLDataInMessage": false,
				"IncludeEventXMLDataInToolTip": false,
				"ToolTipText": "",
				"Color": "",
				"DeveloperNotes": "%11 was allowed to be installed.",
				"Author": "Petri.Paavola@yodamiitti.fi / Microsoft MVP - Windows and Intune",
				"LinkToBlogArticle": null
			},
			{
				"CategoryName": "Applocker - Packaged app-Deployment",
				"LogType": ".evtx",
				"Channel": "Microsoft-Windows-AppLocker/Packaged app-Deployment",
				"Id": 8024,
				"ProviderName": "Microsoft-Windows-AppLocker",
				"IncludeEventXMLDataInMessage": false,
				"IncludeEventXMLDataInToolTip": false,
				"ToolTipText": "",
				"Color": "",
				"DeveloperNotes": "%11 was allowed to run but would have been prevented from running if the AppLocker policy were enforced.",
				"Author": "Petri.Paavola@yodamiitti.fi / Microsoft MVP - Windows and Intune",
				"LinkToBlogArticle": null
			},
			{
				"CategoryName": "Applocker - Packaged app-Deployment",
				"LogType": ".evtx",
				"Channel": "Microsoft-Windows-AppLocker/Packaged app-Deployment",
				"Id": 8025,
				"ProviderName": "Microsoft-Windows-AppLocker",
				"IncludeEventXMLDataInMessage": false,
				"IncludeEventXMLDataInToolTip": false,
				"ToolTipText": "",
				"Color": "Red",
				"DeveloperNotes": "%11 was prevented from running.",
				"Author": "Petri.Paavola@yodamiitti.fi / Microsoft MVP - Windows and Intune",
				"LinkToBlogArticle": null
			},
			{
				"CategoryName": "Applocker - Packaged app-Deployment",
				"LogType": ".evtx",
				"Channel": "Microsoft-Windows-AppLocker/Packaged app-Deployment",
				"Id": 8026,
				"ProviderName": "Microsoft-Windows-AppLocker",
				"IncludeEventXMLDataInMessage": false,
				"IncludeEventXMLDataInToolTip": false,
				"ToolTipText": "",
				"Color": "Red",
				"DeveloperNotes": "No packaged apps can be executed while Exe rules are being enforced and no Packaged app rules have been configured.",
				"Author": "Petri.Paavola@yodamiitti.fi / Microsoft MVP - Windows and Intune",
				"LinkToBlogArticle": null
			},
			{
				"CategoryName": "Applocker - Packaged app-Deployment",
				"LogType": ".evtx",
				"Channel": "Microsoft-Windows-AppLocker/Packaged app-Deployment",
				"Id": 8027,
				"ProviderName": "Microsoft-Windows-AppLocker",
				"IncludeEventXMLDataInMessage": false,
				"IncludeEventXMLDataInToolTip": false,
				"ToolTipText": "",
				"Color": "Red",
				"DeveloperNotes": "No packaged apps can be executed while Exe rules are being enforced and no Packaged app rules have been configured.",
				"Author": "Petri.Paavola@yodamiitti.fi / Microsoft MVP - Windows and Intune",
				"LinkToBlogArticle": null
			}
		]
	},
	{
		"CategoryName": "Powershell",
		"KnownEventRules": [
			{
				"CategoryName": "Powershell",
				"LogType": ".evtx",
				"Channel": "Microsoft-Windows-PowerShell/Operational",
				"Id": 4100,
				"ProviderName": "Microsoft-Windows-PowerShell",
				"IncludeEventXMLDataInMessage": false,
				"IncludeEventXMLDataInToolTip": false,
				"ToolTipText": "Running Powershell script",
				"DeveloperNotes": "This shows that Powershell script is running without showing Powershell code"
			},
			{
				"CategoryName": "Powershell",
				"LogType": ".evtx",
				"Channel": "Microsoft-Windows-PowerShell/Operational",
				"Id": 4104,
				"ProviderName": "Microsoft-Windows-PowerShell",
				"IncludeEventXMLDataInMessage": false,
				"IncludeEventXMLDataInToolTip": false,
				"ToolTipText": "Running Powershell script block",
				"DeveloperNotes": "This shows actual Powershell code that is running"
			}
		]
	},
	{
		"CategoryName": "Intune",
		"KnownEventRules": [
			{
				"CategoryName": "Intune",
				"LogType": ".log",
				"LogFileName": "IntuneManagementExtension.log",
				"Message": "EMS Agent Started",
				"ToolTipText": "",
				"Color": "Yellow",
				"DeveloperNotes": ""
			},
			{
				"CategoryName": "Intune",
				"LogType": ".log",
				"LogFileName": "IntuneManagementExtension.log",
				"Message": "EMS Agent Stopped",
				"ToolTipText": "",
				"Color": "Yellow",
				"DeveloperNotes": ""
			},
			{
				"CategoryName": "Intune",
				"LogType": ".log",
				"LogFileName": "IntuneManagementExtension.log",
				"Message": "[APv2] Device is in APv2 mode: True.",
				"ToolTipText": "",
				"Color": "Yellow",
				"DeveloperNotes": ""
			},
			{
				"CategoryName": "Intune",
				"LogType": ".log",
				"LogFileName": "IntuneManagementExtension.log",
				"Message": "[APv2] Attempting to disable APv2 mode for device.",
				"ToolTipText": "",
				"Color": "Yellow",
				"DeveloperNotes": ""
			},
			{
				"CategoryName": "Intune",
				"LogType": ".log",
				"LogFileName": "IntuneManagementExtension.log",
				"Message": "[APv2] Successfully disabled APv2 mode.",
				"ToolTipText": "",
				"Color": "Yellow",
				"DeveloperNotes": ""
			}
		]
	},
	{
		"CategoryName": "Intune Applications",
		"KnownEventRules": [
			{
				"CategoryName": "Intune Applications",
				"LogType": ".log",
				"LogFileName": "AppWorkload.log",
				"Message": "Get policies = [",
				"ToolTipText": "",
				"Color": "Yellow",
				"DeveloperNotes": "This has all information about Intune Apps including App Name, GUID and App Intent"
			},
			{
				"CategoryName": "Intune Applications",
				"LogType": ".log",
				"LogFileName": "AppWorkload.log",
				"Message": "[Win32App][V3Processor] Processing subgraph",
				"ToolTipText": "",
				"Color": "Yellow",
				"DeveloperNotes": "This has Intune App process start information"
			},
			{
				"CategoryName": "Intune Applications",
				"LogType": ".log",
				"LogFileName": "AppWorkload.log",
				"Message": ".*applicationDetected: True.*",
				"ToolTipText": "",
				"Color": "Green",
				"DeveloperNotes": "This has Intune App detection check Detected True result"
			},
			{
				"CategoryName": "Intune Applications",
				"LogType": ".log",
				"LogFileName": "AppWorkload.log",
				"Message": "[Win32App] lpExitCode is defined as Success",
				"ToolTipText": "",
				"Color": "Green",
				"DeveloperNotes": "Intune application installation Succeeded"
			},
			{
				"CategoryName": "Intune Applications",
				"LogType": ".log",
				"LogFileName": "AppWorkload.log",
				"Message": "[Win32App] lpExitCode is defined as Failed",
				"ToolTipText": "",
				"Color": "Red",
				"DeveloperNotes": "Intune application installation Failed"
			},
			{
				"CategoryName": "Intune Applications",
				"LogType": ".log",
				"LogFileName": "AppWorkload.log",
				"Message": "[Win32App] lpExitCode",
				"ToolTipText": "",
				"Color": "Yellow",
				"DeveloperNotes": "Intune application installation exitCode"
			}
		]
	},
	{
		"CategoryName": "Intune Remediation scripts",
		"KnownEventRules": [
			{
				"CategoryName": "Intune Remediation scripts",
				"LogType": ".log",
				"LogFileName": "healthscripts.log",
				"Message": "[HS] std output =",
				"ToolTipText": "Intune Remediation or custom compliance check script Output",
				"Color": "Yellow",
				"DeveloperNotes": ""
			},
			{
				"CategoryName": "Intune Remediation scripts",
				"LogType": ".log",
				"LogFileName": "healthscripts.log",
				"Message": "[HS] err output =",
				"ToolTipText": "Intune Remediation or custom compliance check script Output",
				"Color": "Yellow",
				"DeveloperNotes": ""
			},
			{
				"CategoryName": "Intune Remediation scripts",
				"LogType": ".log",
				"LogFileName": "healthscripts.log",
				"Message": "Powershell execution is done, exitCode =",
				"ToolTipText": "",
				"Color": "Yellow",
				"DeveloperNotes": ""
			},
			{
				"CategoryName": "Intune Remediation scripts",
				"LogType": ".log",
				"LogFileName": "IntuneManagementExtension.log",
				"Message": "Powershell execution is done, exitCode =",
				"ToolTipText": "",
				"Color": "Yellow",
				"DeveloperNotes": ""
			},
			{
				"CategoryName": "Intune Remediation scripts",
				"LogType": ".log",
				"LogFileName": "agentexecutor.log",
				"Message": "write output done. output =",
				"ToolTipText": "Remediation script output string",
				"Color": "Yellow",
				"DeveloperNotes": ""
			},
			{
				"CategoryName": "Intune Remediation scripts",
				"LogType": ".log",
				"LogFileName": "agentexecutor.log",
				"Message": "error from script =",
				"ToolTipText": "Remediation script error output string",
				"Color": "Red",
				"DeveloperNotes": ""
			}
		]
	},
	{
		"CategoryName": "Intune PowershellScripts",
		"KnownEventRules": [
			{
				"CategoryName": "Intune PowershellScripts",
				"LogType": ".log",
				"LogFileName": "IntuneManagementExtension.log",
				"Message": "[PowerShell] Policy body =",
				"MessageToolTip": "",
				"Color": "Yellow",
				"DeveloperNotes": "This is Intune Powershell script body as is"
			}
		]
	},
	{
		"CategoryName": "ConfigMgr - Task Sequence",
		"KnownEventRules": [
			{
				"CategoryName": "ConfigMgr - Task Sequence",
				"LogType": ".log",
				"LogFileName": "smsts.log",
				"Message": "TSManager initialized environment for task sequence:",
				"ToolTipText": "",
				"Color": "Yellow",
				"DeveloperNotes": "Task Sequence start and TaskSequence name",
				"Author": "Petri.Paavola@yodamiitti.fi / Microsoft MVP - Windows and Intune",
				"LinkToBlogArticle": null
			},
			{
				"CategoryName": "ConfigMgr - Task Sequence",
				"LogType": ".log",
				"LogFileName": "smsts.log",
				"Message": "Start executing an instruction. Instruction name:",
				"ToolTipText": "",
				"Color": "Yellow",
				"DeveloperNotes": "Individual Task Sequence steps",
				"Author": "Petri.Paavola@yodamiitti.fi / Microsoft MVP - Windows and Intune",
				"LinkToBlogArticle": null
			},
			{
				"CategoryName": "ConfigMgr - Task Sequence",
				"LogType": ".log",
				"LogFileName": "smsts.log",
				"Message": "Successfully completed the action",
				"ToolTipText": "",
				"Color": "Green",
				"DeveloperNotes": "",
				"Author": "Petri.Paavola@yodamiitti.fi / Microsoft MVP - Windows and Intune",
				"LinkToBlogArticle": null
			},
			{
				"CategoryName": "ConfigMgr - Task Sequence",
				"LogType": ".log",
				"LogFileName": "smsts.log",
				"Message": "Execution engine result code: Success",
				"ToolTipText": "",
				"Color": "Green",
				"DeveloperNotes": "",
				"Author": "Petri.Paavola@yodamiitti.fi / Microsoft MVP - Windows and Intune",
				"LinkToBlogArticle": null
			},
			{
				"CategoryName": "ConfigMgr - Task Sequence",
				"LogType": ".log",
				"LogFileName": "smsts.log",
				"Message": "Execution engine result code: Reboot",
				"ToolTipText": "",
				"Color": "Yellow",
				"DeveloperNotes": "",
				"Author": "Petri.Paavola@yodamiitti.fi / Microsoft MVP - Windows and Intune",
				"LinkToBlogArticle": null
			},
			{
				"CategoryName": "ConfigMgr - Task Sequence",
				"LogType": ".log",
				"LogFileName": "smsts.log",
				"Message": "Execution engine result code: Fail",
				"ToolTipText": "",
				"Color": "Red",
				"DeveloperNotes": "This is just a guess. Did not find example from log files.",
				"Author": "Petri.Paavola@yodamiitti.fi / Microsoft MVP - Windows and Intune",
				"LinkToBlogArticle": null
			}
		]
	},
	{
		"CategoryName": "ConfigMgr - App Enforcement",
		"KnownEventRules": [
			{
				"CategoryName": "ConfigMgr - App Enforcement",
				"LogType": ".log",
				"LogFileName": "appenforce.log",
				"Message": "+++ Starting Install enforcement for App",
				"ToolTipText": "",
				"Color": "Yellow",
				"DeveloperNotes": "",
				"Author": "Petri.Paavola@yodamiitti.fi / Microsoft MVP - Windows and Intune",
				"LinkToBlogArticle": null
			},
			{
				"CategoryName": "ConfigMgr - App Enforcement",
				"LogType": ".log",
				"LogFileName": "appenforce.log",
				"Message": "++++++ App enforcement completed",
				"ToolTipText": "",
				"Color": "Green",
				"DeveloperNotes": "",
				"Author": "Petri.Paavola@yodamiitti.fi / Microsoft MVP - Windows and Intune",
				"LinkToBlogArticle": null
			},
			{
				"CategoryName": "ConfigMgr - App Enforcement",
				"LogType": ".log",
				"LogFileName": "appenforce.log",
				"Message": "+++ Discovered application",
				"ToolTipText": "",
				"Color": "",
				"DeveloperNotes": "",
				"Author": "Petri.Paavola@yodamiitti.fi / Microsoft MVP - Windows and Intune",
				"LinkToBlogArticle": null
			},
			{
				"CategoryName": "ConfigMgr - App Enforcement",
				"LogType": ".log",
				"LogFileName": "appenforce.log",
				"Message": "+++ Application not discovered - THIS IS NOT ACTIVE NOW, MAYBE NOT NEEDED ?",
				"ToolTipText": "",
				"Color": "Yellow",
				"DeveloperNotes": "+++ Application not discovered",
				"Author": "Petri.Paavola@yodamiitti.fi / Microsoft MVP - Windows and Intune",
				"LinkToBlogArticle": null
			},
			{
				"CategoryName": "ConfigMgr - App Enforcement",
				"LogType": ".log",
				"LogFileName": "appenforce.log",
				"Message": "Unmatched exit code",
				"ToolTipText": "",
				"Color": "Red",
				"DeveloperNotes": "Unmatched exit code (1) is considered an execution failure.",
				"Author": "Petri.Paavola@yodamiitti.fi / Microsoft MVP - Windows and Intune",
				"LinkToBlogArticle": null
			}
		]
	},
	{
		"CategoryName": "ConfigMgr - Windows Updates",
		"KnownEventRules": [
			{
				"CategoryName": "ConfigMgr - Windows Updates",
				"LogType": ".log",
				"LogFileName": "wuahandler.log",
				"Message": "Update (Installed):",
				"ToolTipText": "",
				"Color": "Green",
				"DeveloperNotes": "",
				"Author": "Petri.Paavola@yodamiitti.fi / Microsoft MVP - Windows and Intune",
				"LinkToBlogArticle": null
			},
			{
				"CategoryName": "ConfigMgr - Windows Updates",
				"LogType": ".log",
				"LogFileName": "wuahandler.log",
				"Message": "Failed to install updates.",
				"ToolTipText": "",
				"Color": "Red",
				"DeveloperNotes": "",
				"Author": "Petri.Paavola@yodamiitti.fi / Microsoft MVP - Windows and Intune",
				"LinkToBlogArticle": null
			}
		]
	},
	{
		"CategoryName": "Example category",
		"KnownEventRules": [
			{
				"CategoryName": "Example category",
				"LogType": ".evtx",
				"Channel": "ExampleApplication",
				"Id": 1033,
				"ProviderName": "MsiInstaller",
				"IncludeEventXMLDataInMessage": false,
				"IncludeEventXMLDataInToolTip": false,
				"ToolTipText": "Windows Installer installed the product.",
				"DeveloperNotes": "Windows Installer installed the product. Product Name: Mozilla Firefox 130.0 x64 en-US. Product Version: 130.0.0.0. Product Language: 0. Manufacturer: Mozilla. Installation success or error status: 0.",
				"Author": "This_could_be.You@company.com",
				"LinkToBlogArticle": null
			},
			{
				"CategoryName": "Example category",
				"LogType": ".evtx",
				"Channel": "ExampleApplication",
				"Id": 1034,
				"ProviderName": "MsiInstaller",
				"IncludeEventXMLDataInMessage": false,
				"IncludeEventXMLDataInToolTip": false,
				"Category": "Application installation",
				"ToolTipText": "Windows Installer removed the product.",
				"DeveloperNotes": "Windows Installer removed the product. Product Name: Microsoft Teams Meeting Add-in for Microsoft Office. Product Version: 1.24.19202. Product Language: 1033. Manufacturer: Microsoft. Removal success or error status: 0.",
				"Author": "This_could_be.You@company.com",
				"LinkToBlogArticle": null
			},
			{
				"CategoryName": "Example category",
				"LogType": ".log",
				"LogFileName": "Example.log",
				"Message": "Example text to search",
				"ToolTipText": "This text is shown on event ToolTip when hovering on top event text",
				"Color": "Green",
				"DeveloperNotes": "This is Intune Powershell script body as is",
				"Author": "This_could_be.You@company.com",
				"LinkToBlogArticle": null
			}
		]
	}
]