{
	"CategoryName": "Windows LAPS",
	"KnownEventRules": [
		{
			"CategoryName": "Windows LAPS",
			"LogType": ".evtx",
			"Channel": "Microsoft-Windows-LAPS/Operational",
			"Id": 10004,
			"ProviderName": "Microsoft-Windows-LAPS",
			"IncludeEventXMLDataInMessage": false,
			"IncludeEventXMLDataInToolTip": false,
			"ToolTipText": "",
			"Color": "White",
			"DeveloperNotes": "LAPS policy processing succeeded",
			"Author": "Petri.Paavola@yodamiitti.fi / Microsoft MVP - Windows and Intune",
			"LinkToBlogArticle": null
		},
		{
			"CategoryName": "Windows LAPS",
			"LogType": ".evtx",
			"Channel": "Microsoft-Windows-LAPS/Operational",
			"Id": 10005,
			"ProviderName": "Microsoft-Windows-LAPS",
			"IncludeEventXMLDataInMessage": false,
			"IncludeEventXMLDataInToolTip": true,
			"ToolTipText": "",
			"Color": "Red",
			"DeveloperNotes": "LAPS policy processing failed with the error code below.",
			"Author": "Petri.Paavola@yodamiitti.fi / Microsoft MVP - Windows and Intune",
			"LinkToBlogArticle": null
		},
		{
			"CategoryName": "Windows LAPS",
			"LogType": ".evtx",
			"Channel": "Microsoft-Windows-LAPS/Operational",
			"Id": 10007,
			"ProviderName": "Microsoft-Windows-LAPS",
			"IncludeEventXMLDataInMessage": false,
			"IncludeEventXMLDataInToolTip": false,
			"ToolTipText": "",
			"Color": "Yellow",
			"DeveloperNotes": "LAPS is not currently configured to manage any account.",
			"Author": "Petri.Paavola@yodamiitti.fi / Microsoft MVP - Windows and Intune",
			"LinkToBlogArticle": null
		},
		{
			"CategoryName": "Windows LAPS",
			"LogType": ".evtx",
			"Channel": "Microsoft-Windows-LAPS/Operational",
			"Id": 10013,
			"ProviderName": "Microsoft-Windows-LAPS",
			"IncludeEventXMLDataInMessage": false,
			"IncludeEventXMLDataInToolTip": true,
			"ToolTipText": "",
			"Color": "Red",
			"DeveloperNotes": "LAPS failed to find the currently configured local administrator account.",
			"Author": "Petri.Paavola@yodamiitti.fi / Microsoft MVP - Windows and Intune",
			"LinkToBlogArticle": null
		},
		{
			"CategoryName": "Windows LAPS",
			"LogType": ".evtx",
			"Channel": "Microsoft-Windows-LAPS/Operational-DISABLED-Because-below-event-should-be-enough",
			"Id": 10014,
			"ProviderName": "Microsoft-Windows-LAPS",
			"IncludeEventXMLDataInMessage": false,
			"IncludeEventXMLDataInToolTip": false,
			"ToolTipText": "",
			"Color": "Yellow",
			"DeveloperNotes": "LAPS is updating the managed account password due to an Administrator-initiated request.",
			"Author": "Petri.Paavola@yodamiitti.fi / Microsoft MVP - Windows and Intune",
			"LinkToBlogArticle": null
		},
		{
			"CategoryName": "Windows LAPS",
			"LogType": ".evtx",
			"Channel": "Microsoft-Windows-LAPS/Operational",
			"Id": 10015,
			"ProviderName": "Microsoft-Windows-LAPS",
			"IncludeEventXMLDataInMessage": false,
			"IncludeEventXMLDataInToolTip": true,
			"ToolTipText": "",
			"Color": "Green",
			"DeveloperNotes": "The managed account password needs to be updated due to one or more reasons (%1):",
			"Author": "Petri.Paavola@yodamiitti.fi / Microsoft MVP - Windows and Intune",
			"LinkToBlogArticle": null
		},
		{
			"CategoryName": "Windows LAPS",
			"LogType": ".evtx",
			"Channel": "Microsoft-Windows-LAPS/Operational",
			"Id": 10019,
			"ProviderName": "Microsoft-Windows-LAPS",
			"IncludeEventXMLDataInMessage": false,
			"IncludeEventXMLDataInToolTip": true,
			"ToolTipText": "",
			"Color": "Red",
			"DeveloperNotes": "LAPS failed to update the local admin account with the new password.\\nAccount name: %1\\nAccount RID: %2\\nError code: %3",
			"Author": "Petri.Paavola@yodamiitti.fi / Microsoft MVP - Windows and Intune",
			"LinkToBlogArticle": null
		},
		{
			"CategoryName": "Windows LAPS",
			"LogType": ".evtx",
			"Channel": "Microsoft-Windows-LAPS/Operational",
			"Id": 10020,
			"ProviderName": "Microsoft-Windows-LAPS",
			"IncludeEventXMLDataInMessage": false,
			"IncludeEventXMLDataInToolTip": true,
			"ToolTipText": "",
			"Color": "Green",
			"DeveloperNotes": "LAPS successfully updated the local admin account with the new password.\\nAccount name: %1\\nAccount RID: %2",
			"Author": "Petri.Paavola@yodamiitti.fi / Microsoft MVP - Windows and Intune",
			"LinkToBlogArticle": null
		},
		{
			"CategoryName": "Windows LAPS",
			"LogType": ".evtx",
			"Channel": "Microsoft-Windows-LAPS/Operational",
			"Id": 10024,
			"ProviderName": "Microsoft-Windows-LAPS",
			"IncludeEventXMLDataInMessage": false,
			"IncludeEventXMLDataInToolTip": false,
			"ToolTipText": "",
			"Color": "Yellow",
			"DeveloperNotes": "LAPS policy is configured as disabled.",
			"Author": "Petri.Paavola@yodamiitti.fi / Microsoft MVP - Windows and Intune",
			"LinkToBlogArticle": null
		},
		{
			"CategoryName": "Windows LAPS",
			"LogType": ".evtx",
			"Channel": "Microsoft-Windows-LAPS/Operational",
			"Id": 10029,
			"ProviderName": "Microsoft-Windows-LAPS-EVENT-DISABLED-BECAUSE-DUPLICATE-Check-below-event",
			"IncludeEventXMLDataInMessage": false,
			"IncludeEventXMLDataInToolTip": false,
			"ToolTipText": "",
			"Color": "Green",
			"DeveloperNotes": "LAPS successfully updated Azure Active Directory with the new password.",
			"Author": "Petri.Paavola@yodamiitti.fi / Microsoft MVP - Windows and Intune",
			"LinkToBlogArticle": null
		},
		{
			"CategoryName": "Windows LAPS",
			"LogType": ".evtx",
			"Channel": "Microsoft-Windows-LAPS/Operational",
			"Id": 10067,
			"ProviderName": "Microsoft-Windows-LAPS",
			"IncludeEventXMLDataInMessage": false,
			"IncludeEventXMLDataInToolTip": true,
			"ToolTipText": "",
			"Color": "Yellow",
			"DeveloperNotes": "The configured local account is currently disabled. The account must be enabled before it can be used.",
			"Author": "Petri.Paavola@yodamiitti.fi / Microsoft MVP - Windows and Intune",
			"LinkToBlogArticle": null
		}
	]
}