{
  "CategoryName": "Intune - MDM CSP Appinstaller ALL",
  "KnownEventRules": [
    {
      "CategoryName": "Intune - MDM CSP Appinstaller ALL",
      "LogType": ".evtx",
      "Channel": "Microsoft-Windows-DeviceManagement-Enterprise-Diagnostics-Provider/Admin",
      "Id": 1904,
      "ProviderName": "Microsoft-Windows-DeviceManagement-Enterprise-Diagnostics-Provider",
      "IncludeEventXMLDataInMessage": false,
      "IncludeEventXMLDataInToolTip": false,
      "ToolTipText": "",
      "Color": "",
      "DeveloperNotes": "EnterpriseDesktopAppManagement CSP: MDMAppInstaller task has started.\u0000",
      "Author": "Petri.Paavola@yodamiitti.fi / Microsoft MVP - Windows and Intune",
      "LinkToBlogArticle": ""
    },
    {
      "CategoryName": "Intune - MDM CSP Appinstaller ALL",
      "LogType": ".evtx",
      "Channel": "Microsoft-Windows-DeviceManagement-Enterprise-Diagnostics-Provider/Admin",
      "Id": 1905,
      "ProviderName": "Microsoft-Windows-DeviceManagement-Enterprise-Diagnostics-Provider",
      "IncludeEventXMLDataInMessage": false,
      "IncludeEventXMLDataInToolTip": false,
      "ToolTipText": "",
      "Color": "",
      "DeveloperNotes": "EnterpriseDesktopAppManagement CSP: Application content download started. MSI ProductCode: %1, User SID: (%2), BITS job: (%3).\u0000",
      "Author": "Petri.Paavola@yodamiitti.fi / Microsoft MVP - Windows and Intune",
      "LinkToBlogArticle": ""
    },
    {
      "CategoryName": "Intune - MDM CSP Appinstaller ALL",
      "LogType": ".evtx",
      "Channel": "Microsoft-Windows-DeviceManagement-Enterprise-Diagnostics-Provider/Admin",
      "Id": 1906,
      "ProviderName": "Microsoft-Windows-DeviceManagement-Enterprise-Diagnostics-Provider",
      "IncludeEventXMLDataInMessage": false,
      "IncludeEventXMLDataInToolTip": false,
      "ToolTipText": "",
      "Color": "",
      "DeveloperNotes": "EnterpriseDesktopAppManagement CSP: Application content download completed. MSI ProductCode: %1, User SID: (%2), BITS job: (%3).\u0000",
      "Author": "Petri.Paavola@yodamiitti.fi / Microsoft MVP - Windows and Intune",
      "LinkToBlogArticle": ""
    },
    {
      "CategoryName": "Intune - MDM CSP Appinstaller ALL",
      "LogType": ".evtx",
      "Channel": "Microsoft-Windows-DeviceManagement-Enterprise-Diagnostics-Provider/Admin",
      "Id": 1907,
      "ProviderName": "Microsoft-Windows-DeviceManagement-Enterprise-Diagnostics-Provider",
      "IncludeEventXMLDataInMessage": false,
      "IncludeEventXMLDataInToolTip": false,
      "ToolTipText": "",
      "Color": "Red",
      "DeveloperNotes": "EnterpriseDesktopAppManagement CSP: Application content download failed.  MSI ProductCode: %1, User SID: (%2), BITS job: (%3), Error message: (%4), Error code: (%5).\u0000",
      "Author": "Petri.Paavola@yodamiitti.fi / Microsoft MVP - Windows and Intune",
      "LinkToBlogArticle": ""
    },
    {
      "CategoryName": "Intune - MDM CSP Appinstaller ALL",
      "LogType": ".evtx",
      "Channel": "Microsoft-Windows-DeviceManagement-Enterprise-Diagnostics-Provider/Admin",
      "Id": 1908,
      "ProviderName": "Microsoft-Windows-DeviceManagement-Enterprise-Diagnostics-Provider",
      "IncludeEventXMLDataInMessage": false,
      "IncludeEventXMLDataInToolTip": false,
      "ToolTipText": "",
      "Color": "Red",
      "DeveloperNotes": "EnterpriseDesktopAppManagement CSP: Unable to start the application content download. MSI ProductCode: %1, User SID: (%2), Result: (%3).\u0000",
      "Author": "Petri.Paavola@yodamiitti.fi / Microsoft MVP - Windows and Intune",
      "LinkToBlogArticle": ""
    },
    {
      "CategoryName": "Intune - MDM CSP Appinstaller ALL",
      "LogType": ".evtx",
      "Channel": "Microsoft-Windows-DeviceManagement-Enterprise-Diagnostics-Provider/Admin",
      "Id": 1909,
      "ProviderName": "Microsoft-Windows-DeviceManagement-Enterprise-Diagnostics-Provider",
      "IncludeEventXMLDataInMessage": false,
      "IncludeEventXMLDataInToolTip": false,
      "ToolTipText": "",
      "Color": "",
      "DeveloperNotes": "EnterpriseDesktopAppManagement CSP: Unable to start the application installation action because the user is not logged in. User SID: (%1), MSI ProductCode: %2.\u0000",
      "Author": "Petri.Paavola@yodamiitti.fi / Microsoft MVP - Windows and Intune",
      "LinkToBlogArticle": ""
    },
    {
      "CategoryName": "Intune - MDM CSP Appinstaller ALL",
      "LogType": ".evtx",
      "Channel": "Microsoft-Windows-DeviceManagement-Enterprise-Diagnostics-Provider/Admin",
      "Id": 1910,
      "ProviderName": "Microsoft-Windows-DeviceManagement-Enterprise-Diagnostics-Provider",
      "IncludeEventXMLDataInMessage": false,
      "IncludeEventXMLDataInToolTip": false,
      "ToolTipText": "",
      "Color": "",
      "DeveloperNotes": "EnterpriseDesktopAppManagement CSP: Another instance of the MDMAppInstaller process is already running. This instance will terminate.\u0000",
      "Author": "Petri.Paavola@yodamiitti.fi / Microsoft MVP - Windows and Intune",
      "LinkToBlogArticle": ""
    },
    {
      "CategoryName": "Intune - MDM CSP Appinstaller ALL",
      "LogType": ".evtx",
      "Channel": "Microsoft-Windows-DeviceManagement-Enterprise-Diagnostics-Provider/Admin",
      "Id": 1911,
      "ProviderName": "Microsoft-Windows-DeviceManagement-Enterprise-Diagnostics-Provider",
      "IncludeEventXMLDataInMessage": false,
      "IncludeEventXMLDataInToolTip": false,
      "ToolTipText": "",
      "Color": "",
      "DeveloperNotes": "EnterpriseDesktopAppManagement CSP: The MDMAppInstaller process is terminating with an error. Result: (%1).\u0000",
      "Author": "Petri.Paavola@yodamiitti.fi / Microsoft MVP - Windows and Intune",
      "LinkToBlogArticle": ""
    },
    {
      "CategoryName": "Intune - MDM CSP Appinstaller ALL",
      "LogType": ".evtx",
      "Channel": "Microsoft-Windows-DeviceManagement-Enterprise-Diagnostics-Provider/Admin",
      "Id": 1912,
      "ProviderName": "Microsoft-Windows-DeviceManagement-Enterprise-Diagnostics-Provider",
      "IncludeEventXMLDataInMessage": false,
      "IncludeEventXMLDataInToolTip": false,
      "ToolTipText": "",
      "Color": "",
      "DeveloperNotes": "EnterpriseDesktopAppManagement CSP: The MDMAppInstaller process is terminating with no errors.\u0000",
      "Author": "Petri.Paavola@yodamiitti.fi / Microsoft MVP - Windows and Intune",
      "LinkToBlogArticle": ""
    },
    {
      "CategoryName": "Intune - MDM CSP Appinstaller ALL",
      "LogType": ".evtx",
      "Channel": "Microsoft-Windows-DeviceManagement-Enterprise-Diagnostics-Provider/Admin",
      "Id": 1913,
      "ProviderName": "Microsoft-Windows-DeviceManagement-Enterprise-Diagnostics-Provider",
      "IncludeEventXMLDataInMessage": false,
      "IncludeEventXMLDataInToolTip": false,
      "ToolTipText": "",
      "Color": "Red",
      "DeveloperNotes": "EnterpriseDesktopAppManagement CSP: Creation of the MSI app install job failed. MSI ProductCode: %1, User SID: (%2), Result: (%3).\u0000",
      "Author": "Petri.Paavola@yodamiitti.fi / Microsoft MVP - Windows and Intune",
      "LinkToBlogArticle": ""
    },
    {
      "CategoryName": "Intune - MDM CSP Appinstaller ALL",
      "LogType": ".evtx",
      "Channel": "Microsoft-Windows-DeviceManagement-Enterprise-Diagnostics-Provider/Admin",
      "Id": 1914,
      "ProviderName": "Microsoft-Windows-DeviceManagement-Enterprise-Diagnostics-Provider",
      "IncludeEventXMLDataInMessage": false,
      "IncludeEventXMLDataInToolTip": false,
      "ToolTipText": "",
      "Color": "Red",
      "DeveloperNotes": "EnterpriseDesktopAppManagement CSP: Creation of the MSI app uninstall job failed. MSI ProductCode: %1, User SID: (%2), Result: (%3).\u0000",
      "Author": "Petri.Paavola@yodamiitti.fi / Microsoft MVP - Windows and Intune",
      "LinkToBlogArticle": ""
    },
    {
      "CategoryName": "Intune - MDM CSP Appinstaller ALL",
      "LogType": ".evtx",
      "Channel": "Microsoft-Windows-DeviceManagement-Enterprise-Diagnostics-Provider/Admin",
      "Id": 1915,
      "ProviderName": "Microsoft-Windows-DeviceManagement-Enterprise-Diagnostics-Provider",
      "IncludeEventXMLDataInMessage": false,
      "IncludeEventXMLDataInToolTip": false,
      "ToolTipText": "",
      "Color": "Red",
      "DeveloperNotes": "EnterpriseDesktopAppManagement CSP: The MDMAppInstaller process could not be started to process MSI app install. MSI ProductCode: %1, User SID: (%2), Result: (%3).\u0000",
      "Author": "Petri.Paavola@yodamiitti.fi / Microsoft MVP - Windows and Intune",
      "LinkToBlogArticle": ""
    },
    {
      "CategoryName": "Intune - MDM CSP Appinstaller ALL",
      "LogType": ".evtx",
      "Channel": "Microsoft-Windows-DeviceManagement-Enterprise-Diagnostics-Provider/Admin",
      "Id": 1916,
      "ProviderName": "Microsoft-Windows-DeviceManagement-Enterprise-Diagnostics-Provider",
      "IncludeEventXMLDataInMessage": false,
      "IncludeEventXMLDataInToolTip": false,
      "ToolTipText": "",
      "Color": "Red",
      "DeveloperNotes": "EnterpriseDesktopAppManagement CSP: The MDMAppInstaller process could not be started to process MSI app uninstall. MSI ProductCode: %1, User SID: (%2), Result: (%3).\u0000",
      "Author": "Petri.Paavola@yodamiitti.fi / Microsoft MVP - Windows and Intune",
      "LinkToBlogArticle": ""
    },
    {
      "CategoryName": "Intune - MDM CSP Appinstaller ALL",
      "LogType": ".evtx",
      "Channel": "Microsoft-Windows-DeviceManagement-Enterprise-Diagnostics-Provider/Admin",
      "Id": 1920,
      "ProviderName": "Microsoft-Windows-DeviceManagement-Enterprise-Diagnostics-Provider",
      "IncludeEventXMLDataInMessage": false,
      "IncludeEventXMLDataInToolTip": false,
      "ToolTipText": "",
      "Color": "",
      "DeveloperNotes": "EnterpriseDesktopAppManagement CSP: An application install has started. MSI ProductCode: %1, User SID: (%2).\u0000",
      "Author": "Petri.Paavola@yodamiitti.fi / Microsoft MVP - Windows and Intune",
      "LinkToBlogArticle": ""
    },
    {
      "CategoryName": "Intune - MDM CSP Appinstaller ALL",
      "LogType": ".evtx",
      "Channel": "Microsoft-Windows-DeviceManagement-Enterprise-Diagnostics-Provider/Admin",
      "Id": 1921,
      "ProviderName": "Microsoft-Windows-DeviceManagement-Enterprise-Diagnostics-Provider",
      "IncludeEventXMLDataInMessage": false,
      "IncludeEventXMLDataInToolTip": false,
      "ToolTipText": "",
      "Color": "",
      "DeveloperNotes": "EnterpriseDesktopAppManagement CSP: An application uninstall has started. MSI ProductCode: %1, User SID: (%2).\u0000",
      "Author": "Petri.Paavola@yodamiitti.fi / Microsoft MVP - Windows and Intune",
      "LinkToBlogArticle": ""
    },
    {
      "CategoryName": "Intune - MDM CSP Appinstaller ALL",
      "LogType": ".evtx",
      "Channel": "Microsoft-Windows-DeviceManagement-Enterprise-Diagnostics-Provider/Admin",
      "Id": 1922,
      "ProviderName": "Microsoft-Windows-DeviceManagement-Enterprise-Diagnostics-Provider",
      "IncludeEventXMLDataInMessage": false,
      "IncludeEventXMLDataInToolTip": false,
      "ToolTipText": "",
      "Color": "",
      "DeveloperNotes": "EnterpriseDesktopAppManagement CSP: An application install has succeeded. MSI ProductCode: %1, User SID: (%2), Result: (%3).\u0000",
      "Author": "Petri.Paavola@yodamiitti.fi / Microsoft MVP - Windows and Intune",
      "LinkToBlogArticle": ""
    },
    {
      "CategoryName": "Intune - MDM CSP Appinstaller ALL",
      "LogType": ".evtx",
      "Channel": "Microsoft-Windows-DeviceManagement-Enterprise-Diagnostics-Provider/Admin",
      "Id": 1923,
      "ProviderName": "Microsoft-Windows-DeviceManagement-Enterprise-Diagnostics-Provider",
      "IncludeEventXMLDataInMessage": false,
      "IncludeEventXMLDataInToolTip": false,
      "ToolTipText": "",
      "Color": "",
      "DeveloperNotes": "EnterpriseDesktopAppManagement CSP: An application uninstall has succeeded. MSI ProductCode: %1, User SID: (%2), Result: (%3).\u0000",
      "Author": "Petri.Paavola@yodamiitti.fi / Microsoft MVP - Windows and Intune",
      "LinkToBlogArticle": ""
    },
    {
      "CategoryName": "Intune - MDM CSP Appinstaller ALL",
      "LogType": ".evtx",
      "Channel": "Microsoft-Windows-DeviceManagement-Enterprise-Diagnostics-Provider/Admin",
      "Id": 1924,
      "ProviderName": "Microsoft-Windows-DeviceManagement-Enterprise-Diagnostics-Provider",
      "IncludeEventXMLDataInMessage": false,
      "IncludeEventXMLDataInToolTip": false,
      "ToolTipText": "",
      "Color": "Red",
      "DeveloperNotes": "EnterpriseDesktopAppManagement CSP: An application install has failed. Examine the MSI log (%1) for more details.  Install command: (%2), MSI ProductCode: %3, User SID: (%4), Result: (%5).\u0000",
      "Author": "Petri.Paavola@yodamiitti.fi / Microsoft MVP - Windows and Intune",
      "LinkToBlogArticle": ""
    },
    {
      "CategoryName": "Intune - MDM CSP Appinstaller ALL",
      "LogType": ".evtx",
      "Channel": "Microsoft-Windows-DeviceManagement-Enterprise-Diagnostics-Provider/Admin",
      "Id": 1925,
      "ProviderName": "Microsoft-Windows-DeviceManagement-Enterprise-Diagnostics-Provider",
      "IncludeEventXMLDataInMessage": false,
      "IncludeEventXMLDataInToolTip": false,
      "ToolTipText": "",
      "Color": "Red",
      "DeveloperNotes": "EnterpriseDesktopAppManagement CSP: An application uninstall has failed. Examine the MSI log (%1) for more details.  Uninstall command: (%2), MSI ProductCode: %3, User SID: (%4), Result: (%5).\u0000",
      "Author": "Petri.Paavola@yodamiitti.fi / Microsoft MVP - Windows and Intune",
      "LinkToBlogArticle": ""
    },
    {
      "CategoryName": "Intune - MDM CSP Appinstaller ALL",
      "LogType": ".evtx",
      "Channel": "Microsoft-Windows-DeviceManagement-Enterprise-Diagnostics-Provider/Admin",
      "Id": 1926,
      "ProviderName": "Microsoft-Windows-DeviceManagement-Enterprise-Diagnostics-Provider",
      "IncludeEventXMLDataInMessage": false,
      "IncludeEventXMLDataInToolTip": false,
      "ToolTipText": "",
      "Color": "",
      "DeveloperNotes": "EnterpriseDesktopAppManagement CSP: An application installation action has exceeded the expected run time. Command: (%1), MSI ProductCode: %2, User SID: (%3).\u0000",
      "Author": "Petri.Paavola@yodamiitti.fi / Microsoft MVP - Windows and Intune",
      "LinkToBlogArticle": ""
    },
    {
      "CategoryName": "Intune - MDM CSP Appinstaller ALL",
      "LogType": ".evtx",
      "Channel": "Microsoft-Windows-DeviceManagement-Enterprise-Diagnostics-Provider/Admin",
      "Id": 1927,
      "ProviderName": "Microsoft-Windows-DeviceManagement-Enterprise-Diagnostics-Provider",
      "IncludeEventXMLDataInMessage": false,
      "IncludeEventXMLDataInToolTip": false,
      "ToolTipText": "",
      "Color": "",
      "DeveloperNotes": "EnterpriseDesktopAppManagement CSP: An application status alert was sent to the device management service. LocURI: (%1), Alert Data: (%2).\u0000",
      "Author": "Petri.Paavola@yodamiitti.fi / Microsoft MVP - Windows and Intune",
      "LinkToBlogArticle": ""
    },
    {
      "CategoryName": "Intune - MDM CSP Appinstaller ALL",
      "LogType": ".evtx",
      "Channel": "Microsoft-Windows-DeviceManagement-Enterprise-Diagnostics-Provider/Admin",
      "Id": 1928,
      "ProviderName": "Microsoft-Windows-DeviceManagement-Enterprise-Diagnostics-Provider",
      "IncludeEventXMLDataInMessage": false,
      "IncludeEventXMLDataInToolTip": false,
      "ToolTipText": "",
      "Color": "",
      "DeveloperNotes": "EnterpriseDesktopAppManagement CSP: An application status alert failed to be sent to the device management service. LocURI: (%1), Alert Data: (%2), Result: (%3).\u0000",
      "Author": "Petri.Paavola@yodamiitti.fi / Microsoft MVP - Windows and Intune",
      "LinkToBlogArticle": ""
    },
    {
      "CategoryName": "Intune - MDM CSP Appinstaller ALL",
      "LogType": ".evtx",
      "Channel": "Microsoft-Windows-DeviceManagement-Enterprise-Diagnostics-Provider/Admin",
      "Id": 1930,
      "ProviderName": "Microsoft-Windows-DeviceManagement-Enterprise-Diagnostics-Provider",
      "IncludeEventXMLDataInMessage": false,
      "IncludeEventXMLDataInToolTip": false,
      "ToolTipText": "",
      "Color": "",
      "DeveloperNotes": "EnterpriseDesktopAppManagement CSP: The MDMAppInstaller has been configured for restart by scheduled task (Resume App Installation Actions).  System startup trigger: (%1), User logon trigger: (%2).\u0000",
      "Author": "Petri.Paavola@yodamiitti.fi / Microsoft MVP - Windows and Intune",
      "LinkToBlogArticle": ""
    },
    {
      "CategoryName": "Intune - MDM CSP Appinstaller ALL",
      "LogType": ".evtx",
      "Channel": "Microsoft-Windows-DeviceManagement-Enterprise-Diagnostics-Provider/Debug",
      "Id": 1931,
      "ProviderName": "Microsoft-Windows-DeviceManagement-Enterprise-Diagnostics-Provider",
      "IncludeEventXMLDataInMessage": false,
      "IncludeEventXMLDataInToolTip": false,
      "ToolTipText": "",
      "Color": "",
      "DeveloperNotes": "EnterpriseDesktopAppManagement CSP/ MdmAppInstaller: Message: (%1).\u0000",
      "Author": "Petri.Paavola@yodamiitti.fi / Microsoft MVP - Windows and Intune",
      "LinkToBlogArticle": ""
    },
    {
      "CategoryName": "Intune - MDM CSP Appinstaller ALL",
      "LogType": ".evtx",
      "Channel": "Microsoft-Windows-DeviceManagement-Enterprise-Diagnostics-Provider/Debug",
      "Id": 1932,
      "ProviderName": "Microsoft-Windows-DeviceManagement-Enterprise-Diagnostics-Provider",
      "IncludeEventXMLDataInMessage": false,
      "IncludeEventXMLDataInToolTip": false,
      "ToolTipText": "",
      "Color": "",
      "DeveloperNotes": "EnterpriseDesktopAppManagement CSP/ MdmAppInstaller: Message: (%1).\u0000",
      "Author": "Petri.Paavola@yodamiitti.fi / Microsoft MVP - Windows and Intune",
      "LinkToBlogArticle": ""
    },
    {
      "CategoryName": "Intune - MDM CSP Appinstaller ALL",
      "LogType": ".evtx",
      "Channel": "Microsoft-Windows-DeviceManagement-Enterprise-Diagnostics-Provider/Debug",
      "Id": 1933,
      "ProviderName": "Microsoft-Windows-DeviceManagement-Enterprise-Diagnostics-Provider",
      "IncludeEventXMLDataInMessage": false,
      "IncludeEventXMLDataInToolTip": false,
      "ToolTipText": "",
      "Color": "Red",
      "DeveloperNotes": "EnterpriseDesktopAppManagement CSP/ MdmAppInstaller: Message: (%1).\u0000",
      "Author": "Petri.Paavola@yodamiitti.fi / Microsoft MVP - Windows and Intune",
      "LinkToBlogArticle": ""
    }
  ]
}
