{
  "CategoryName": "Intune - MDM Autopilot ESP",
  "KnownEventRules": [
    {
      "CategoryName": "Intune - MDM Autopilot ESP",
      "LogType": ".evtx",
      "Channel": "Microsoft-Windows-DeviceManagement-Enterprise-Diagnostics-Provider/Autopilot",
      "Id": 1311,
      "ProviderName": "Microsoft-Windows-DeviceManagement-Enterprise-Diagnostics-Provider",
      "IncludeEventXMLDataInMessage": false,
      "IncludeEventXMLDataInToolTip": false,
      "ToolTipText": "",
      "Color": "",
      "DeveloperNotes": "Enrollment Status Tracking: Status of resource is unknown. Resource Area: (%1) Resource Name: (%2) Resource Type: (%3).\u0000",
      "Author": "Petri.Paavola@yodamiitti.fi / Microsoft MVP - Windows and Intune",
      "LinkToBlogArticle": ""
    },
    {
      "CategoryName": "Intune - MDM Autopilot ESP",
      "LogType": ".evtx",
      "Channel": "Microsoft-Windows-DeviceManagement-Enterprise-Diagnostics-Provider/Autopilot",
      "Id": 1310,
      "ProviderName": "Microsoft-Windows-DeviceManagement-Enterprise-Diagnostics-Provider",
      "IncludeEventXMLDataInMessage": false,
      "IncludeEventXMLDataInToolTip": false,
      "ToolTipText": "",
      "Color": "",
      "DeveloperNotes": "Enrollment Status Tracking: Installation of resource completed successfully. Resource Area: (%1) Resource Name: (%2) Resource Type: (%3).\u0000",
      "Author": "Petri.Paavola@yodamiitti.fi / Microsoft MVP - Windows and Intune",
      "LinkToBlogArticle": ""
    },
    {
      "CategoryName": "Intune - MDM Autopilot ESP",
      "LogType": ".evtx",
      "Channel": "Microsoft-Windows-DeviceManagement-Enterprise-Diagnostics-Provider/Autopilot",
      "Id": 1309,
      "ProviderName": "Microsoft-Windows-DeviceManagement-Enterprise-Diagnostics-Provider",
      "IncludeEventXMLDataInMessage": false,
      "IncludeEventXMLDataInToolTip": false,
      "ToolTipText": "",
      "Color": "Red",
      "DeveloperNotes": "Enrollment Status Tracking: Installation of resource encountered an error and could not complete. Resource Area: (%1) Resource Name: (%2) Resource Type: (%3).\u0000",
      "Author": "Petri.Paavola@yodamiitti.fi / Microsoft MVP - Windows and Intune",
      "LinkToBlogArticle": ""
    },
    {
      "CategoryName": "Intune - MDM Autopilot ESP",
      "LogType": ".evtx",
      "Channel": "Microsoft-Windows-DeviceManagement-Enterprise-Diagnostics-Provider/Autopilot",
      "Id": 1300,
      "ProviderName": "Microsoft-Windows-DeviceManagement-Enterprise-Diagnostics-Provider",
      "IncludeEventXMLDataInMessage": false,
      "IncludeEventXMLDataInToolTip": false,
      "ToolTipText": "",
      "Color": "Green",
      "DeveloperNotes": "Enrollment Status Tracking: Starting status tracking for resource. Resource Area: (%1) Resource Name: (%2) Resource Type: (%3).\u0000",
      "Author": "Petri.Paavola@yodamiitti.fi / Microsoft MVP - Windows and Intune",
      "LinkToBlogArticle": ""
    },
    {
      "CategoryName": "Intune - MDM Autopilot ESP",
      "LogType": ".evtx",
      "Channel": "Microsoft-Windows-DeviceManagement-Enterprise-Diagnostics-Provider/Autopilot",
      "Id": 1304,
      "ProviderName": "Microsoft-Windows-DeviceManagement-Enterprise-Diagnostics-Provider",
      "IncludeEventXMLDataInMessage": false,
      "IncludeEventXMLDataInToolTip": false,
      "ToolTipText": "",
      "Color": "Red",
      "DeveloperNotes": "Enrollment Status Tracking: Download of resource encountered an error and could not complete. Resource Area: (%1) Resource Name: (%2) Resource Type: (%3).\u0000",
      "Author": "Petri.Paavola@yodamiitti.fi / Microsoft MVP - Windows and Intune",
      "LinkToBlogArticle": ""
    },
    {
      "CategoryName": "Intune - MDM Autopilot ESP",
      "LogType": ".evtx",
      "Channel": "Microsoft-Windows-DeviceManagement-Enterprise-Diagnostics-Provider/Autopilot",
      "Id": 1302,
      "ProviderName": "Microsoft-Windows-DeviceManagement-Enterprise-Diagnostics-Provider",
      "IncludeEventXMLDataInMessage": false,
      "IncludeEventXMLDataInToolTip": false,
      "ToolTipText": "",
      "Color": "",
      "DeveloperNotes": "Enrollment Status Tracking: Downloading resource. Resource Area: (%1) Resource Name: (%2) Resource Type: (%3).\u0000",
      "Author": "Petri.Paavola@yodamiitti.fi / Microsoft MVP - Windows and Intune",
      "LinkToBlogArticle": ""
    },
    {
      "CategoryName": "Intune - MDM Autopilot ESP",
      "LogType": ".evtx",
      "Channel": "Microsoft-Windows-DeviceManagement-Enterprise-Diagnostics-Provider/Autopilot",
      "Id": 1303,
      "ProviderName": "Microsoft-Windows-DeviceManagement-Enterprise-Diagnostics-Provider",
      "IncludeEventXMLDataInMessage": false,
      "IncludeEventXMLDataInToolTip": false,
      "ToolTipText": "",
      "Color": "",
      "DeveloperNotes": "Enrollment Status Tracking: Pending download retry for resource. Resource Area: (%1) Resource Name: (%2) Resource Type: (%3).\u0000",
      "Author": "Petri.Paavola@yodamiitti.fi / Microsoft MVP - Windows and Intune",
      "LinkToBlogArticle": ""
    },
    {
      "CategoryName": "Intune - MDM Autopilot ESP",
      "LogType": ".evtx",
      "Channel": "Microsoft-Windows-DeviceManagement-Enterprise-Diagnostics-Provider/Autopilot",
      "Id": 1305,
      "ProviderName": "Microsoft-Windows-DeviceManagement-Enterprise-Diagnostics-Provider",
      "IncludeEventXMLDataInMessage": false,
      "IncludeEventXMLDataInToolTip": false,
      "ToolTipText": "",
      "Color": "",
      "DeveloperNotes": "Enrollment Status Tracking: Download of resource completed successfully. Resource Area: (%1) Resource Name: (%2) Resource Type: (%3).\u0000",
      "Author": "Petri.Paavola@yodamiitti.fi / Microsoft MVP - Windows and Intune",
      "LinkToBlogArticle": ""
    },
    {
      "CategoryName": "Intune - MDM Autopilot ESP",
      "LogType": ".evtx",
      "Channel": "Microsoft-Windows-DeviceManagement-Enterprise-Diagnostics-Provider/Autopilot",
      "Id": 1307,
      "ProviderName": "Microsoft-Windows-DeviceManagement-Enterprise-Diagnostics-Provider",
      "IncludeEventXMLDataInMessage": false,
      "IncludeEventXMLDataInToolTip": false,
      "ToolTipText": "",
      "Color": "",
      "DeveloperNotes": "Enrollment Status Tracking: Installing resource. Resource Area: (%1) Resource Name: (%2) Resource Type: (%3).\u0000",
      "Author": "Petri.Paavola@yodamiitti.fi / Microsoft MVP - Windows and Intune",
      "LinkToBlogArticle": ""
    },
    {
      "CategoryName": "Intune - MDM Autopilot ESP",
      "LogType": ".evtx",
      "Channel": "Microsoft-Windows-DeviceManagement-Enterprise-Diagnostics-Provider/Autopilot",
      "Id": 1308,
      "ProviderName": "Microsoft-Windows-DeviceManagement-Enterprise-Diagnostics-Provider",
      "IncludeEventXMLDataInMessage": false,
      "IncludeEventXMLDataInToolTip": false,
      "ToolTipText": "",
      "Color": "",
      "DeveloperNotes": "Enrollment Status Tracking: Pending installation retry for resource. Resource Area: (%1) Resource Name: (%2) Resource Type: (%3).\u0000",
      "Author": "Petri.Paavola@yodamiitti.fi / Microsoft MVP - Windows and Intune",
      "LinkToBlogArticle": ""
    },
    {
      "CategoryName": "Intune - MDM ESP Tracking",
      "LogType": ".evtx",
      "Channel": "Microsoft-Windows-ModernDeployment-Diagnostics-Provider/Autopilot",
      "Id": 293,
      "LevelDisplayName": "Information\u0000",
      "ProviderName": "Microsoft-Windows-ModernDeployment-Diagnostics-Provider",
      "IncludeEventXMLDataInMessage": false,
      "IncludeEventXMLDataInToolTip": false,
      "ToolTipText": "",
      "Color": "",
      "DeveloperNotes": "Tracking resource type %1. Policy provider '%2' provided a list of %3 policies to track.\u0000",
      "Author": "Petri.Paavola@yodamiitti.fi / Microsoft MVP - Windows and Intune",
      "LinkToBlogArticle": ""
    },
    {
      "CategoryName": "Intune - MDM ESP Tracking",
      "LogType": ".evtx",
      "Channel": "Microsoft-Windows-ModernDeployment-Diagnostics-Provider/Autopilot",
      "Id": 294,
      "LevelDisplayName": "Error\u0000",
      "ProviderName": "Microsoft-Windows-ModernDeployment-Diagnostics-Provider",
      "IncludeEventXMLDataInMessage": false,
      "IncludeEventXMLDataInToolTip": false,
      "ToolTipText": "",
      "Color": "Red",
      "DeveloperNotes": "Tracking resource type %1. Policy provider '%2' encountered an error and the tracking list could not be completed. Error: %3\u0000",
      "Author": "Petri.Paavola@yodamiitti.fi / Microsoft MVP - Windows and Intune",
      "LinkToBlogArticle": ""
    },
    {
      "CategoryName": "Intune - MDM ESP Tracking",
      "LogType": ".evtx",
      "Channel": "Microsoft-Windows-ModernDeployment-Diagnostics-Provider/Autopilot",
      "Id": 296,
      "LevelDisplayName": "Information\u0000",
      "ProviderName": "Microsoft-Windows-ModernDeployment-Diagnostics-Provider",
      "IncludeEventXMLDataInMessage": false,
      "IncludeEventXMLDataInToolTip": false,
      "ToolTipText": "",
      "Color": "",
      "DeveloperNotes": "Tracking resource type %1. App '%2' installation completed successfully. \u0000",
      "Author": "Petri.Paavola@yodamiitti.fi / Microsoft MVP - Windows and Intune",
      "LinkToBlogArticle": ""
    },
    {
      "CategoryName": "Intune - MDM ESP Tracking",
      "LogType": ".evtx",
      "Channel": "Microsoft-Windows-ModernDeployment-Diagnostics-Provider/Autopilot",
      "Id": 297,
      "LevelDisplayName": "Information\u0000",
      "ProviderName": "Microsoft-Windows-ModernDeployment-Diagnostics-Provider",
      "IncludeEventXMLDataInMessage": false,
      "IncludeEventXMLDataInToolTip": false,
      "ToolTipText": "",
      "Color": "",
      "DeveloperNotes": "Tracking resource type %1. Starting installation tracking app '%2'.\u0000",
      "Author": "Petri.Paavola@yodamiitti.fi / Microsoft MVP - Windows and Intune",
      "LinkToBlogArticle": ""
    },
    {
      "CategoryName": "Intune - MDM ESP Tracking",
      "LogType": ".evtx",
      "Channel": "Microsoft-Windows-ModernDeployment-Diagnostics-Provider/Autopilot",
      "Id": 298,
      "LevelDisplayName": "Information\u0000",
      "ProviderName": "Microsoft-Windows-ModernDeployment-Diagnostics-Provider",
      "IncludeEventXMLDataInMessage": false,
      "IncludeEventXMLDataInToolTip": false,
      "ToolTipText": "",
      "Color": "",
      "DeveloperNotes": "Tracking resource type %1. An error occurred while installing app '%2'.  HRESULT = %3\u0000",
      "Author": "Petri.Paavola@yodamiitti.fi / Microsoft MVP - Windows and Intune",
      "LinkToBlogArticle": ""
    },
    {
      "CategoryName": "Intune - MDM ESP Tracking",
      "LogType": ".evtx",
      "Channel": "Microsoft-Windows-ModernDeployment-Diagnostics-Provider/Autopilot",
      "Id": 299,
      "LevelDisplayName": "Information\u0000",
      "ProviderName": "Microsoft-Windows-ModernDeployment-Diagnostics-Provider",
      "IncludeEventXMLDataInMessage": false,
      "IncludeEventXMLDataInToolTip": false,
      "ToolTipText": "",
      "Color": "",
      "DeveloperNotes": "Tracking resource type %1. Reboot required to complete installation of app '%2'.\u0000",
      "Author": "Petri.Paavola@yodamiitti.fi / Microsoft MVP - Windows and Intune",
      "LinkToBlogArticle": ""
    }
  ]
}
